mat,Lon,Lat,OrganismType,SpeciesAccepted,Authors,Journal,DOI_ISBN
,NA,NA,Epiphyte,Caladenia amonea,Tremblay; Pérez; Larcombe; Brown; Quarmby; Bickerton; French; Bould,Aust J Bot,10.1071/BT08167
,NA,NA,Epiphyte,Caladenia argocalla,Tremblay; Pérez; Larcombe; Brown; Quarmby; Bickerton; French; Bould,Aust J Bot,10.1071/BT08167
,NA,NA,Epiphyte,Caladenia clavigera,Tremblay; Pérez; Larcombe; Brown; Quarmby; Bickerton; French; Bould,Aust J Bot,10.1071/BT08167
,NA,NA,Epiphyte,Caladenia elegans,Tremblay; Pérez; Larcombe; Brown; Quarmby; Bickerton; French; Bould,Aust J Bot,10.1071/BT08167
,NA,NA,Epiphyte,Caladenia graniticola,Tremblay; Pérez; Larcombe; Brown; Quarmby; Bickerton; French; Bould,Aust J Bot,10.1071/BT08167
,NA,NA,Epiphyte,Caladenia macroclavia,Tremblay; Pérez; Larcombe; Brown; Quarmby; Bickerton; French; Bould,Aust J Bot,10.1071/BT08167
,NA,NA,Epiphyte,Caladenia oenochila,Tremblay; Pérez; Larcombe; Brown; Quarmby; Bickerton; French; Bould,Aust J Bot,10.1071/BT08167
,NA,NA,Epiphyte,Caladenia rosella,Tremblay; Pérez; Larcombe; Brown; Quarmby; Bickerton; French; Bould,Aust J Bot,10.1071/BT08167
,NA,NA,Epiphyte,Caladenia valida,Tremblay; Pérez; Larcombe; Brown; Quarmby; Bickerton; French; Bould,Aust J Bot,10.1071/BT08167
,NA,NA,Herbaceous perennial,Epipactis atrorubens,Hens; Pakanen; Jäkäläniemi; Tuomi; Kvist,Biol Conserv,10.1016/j.biocon.2017.04.019
,29.319444,66.374722,Herbaceous perennial,Epipactis atrorubens,Hens; Pakanen; Jäkäläniemi; Tuomi; Kvist,Biol Conserv,10.1016/j.biocon.2017.04.019
,29.267778,66.389444,Herbaceous perennial,Epipactis atrorubens,Hens; Pakanen; Jäkäläniemi; Tuomi; Kvist,Biol Conserv,10.1016/j.biocon.2017.04.019
,29.336944,66.373889,Herbaceous perennial,Epipactis atrorubens,Hens; Pakanen; Jäkäläniemi; Tuomi; Kvist,Biol Conserv,10.1016/j.biocon.2017.04.019
,29.322778,66.366944,Herbaceous perennial,Epipactis atrorubens,Hens; Pakanen; Jäkäläniemi; Tuomi; Kvist,Biol Conserv,10.1016/j.biocon.2017.04.019
,29.313889,66.367222,Herbaceous perennial,Epipactis atrorubens,Hens; Pakanen; Jäkäläniemi; Tuomi; Kvist,Biol Conserv,10.1016/j.biocon.2017.04.019
,29.3175,66.366389,Herbaceous perennial,Epipactis atrorubens,Hens; Pakanen; Jäkäläniemi; Tuomi; Kvist,Biol Conserv,10.1016/j.biocon.2017.04.019
,29.327222,66.3675,Herbaceous perennial,Epipactis atrorubens,Hens; Pakanen; Jäkäläniemi; Tuomi; Kvist,Biol Conserv,10.1016/j.biocon.2017.04.019
,-65.8,18.295,Epiphyte,Lepanthes rubripetala,Schödelbauerová; Tremblay; Kindlmann,Biodivers Conserv,10.1007/s10531-009-9724-1
,-66.684444,18.349444,Herbaceous perennial,Spathoglottis plicata,Falcón; Ackerman; Tremblay,Biol Invasions,10.1007/s10530-016-1318-8
,-66.684444,18.349444,Herbaceous perennial,Spathoglottis plicata,Falcón; Ackerman; Tremblay,Biol Invasions,10.1007/s10530-016-1318-8
,-66.684444,18.349444,Herbaceous perennial,Spathoglottis plicata,Falcón; Ackerman; Tremblay,Biol Invasions,10.1007/s10530-016-1318-8
,-66.684444,18.349444,Herbaceous perennial,Spathoglottis plicata,Falcón; Ackerman; Tremblay,Biol Invasions,10.1007/s10530-016-1318-8
,-84.515278,21.936389,Epiphyte,Broughtonia cubensis,Raventós; Gonzalez; Mújica; Bonet,Biotropica,10.1111/btp.12231
,NA,NA,Herbaceous perennial,Cephalanthera longifolia,Shefferson; Kull; Tali; Kellett,Ecosphere,10.1890/ES11-00328.1
,NA,NA,Herbaceous perennial,Cephalanthera longifolia,Shefferson; Kull; Tali; Kellett,Ecosphere,10.1890/ES11-00328.1
,NA,NA,Herbaceous perennial,Cephalanthera longifolia,Shefferson; Kull; Tali; Kellett,Ecosphere,10.1890/ES11-00328.1
,25.639444,59.491111,Herbaceous perennial,Cephalanthera longifolia,Shefferson; Kull; Tali; Kellett,Ecosphere,10.1890/ES11-00328.1
,25.639444,59.491111,Herbaceous perennial,Cephalanthera longifolia,Shefferson; Kull; Tali; Kellett,Ecosphere,10.1890/ES11-00328.1
,25.639444,59.491111,Herbaceous perennial,Cephalanthera longifolia,Shefferson; Kull; Tali; Kellett,Ecosphere,10.1890/ES11-00328.1
,25.639444,59.491111,Herbaceous perennial,Cephalanthera longifolia,Shefferson; Kull; Tali; Kellett,Ecosphere,10.1890/ES11-00328.1
,25.639444,59.491111,Herbaceous perennial,Cephalanthera longifolia,Shefferson; Kull; Tali; Kellett,Ecosphere,10.1890/ES11-00328.1
,25.639444,59.491111,Herbaceous perennial,Cephalanthera longifolia,Shefferson; Kull; Tali; Kellett,Ecosphere,10.1890/ES11-00328.1
,25.639444,59.491111,Herbaceous perennial,Cephalanthera longifolia,Shefferson; Kull; Tali; Kellett,Ecosphere,10.1890/ES11-00328.1
,25.639444,59.491111,Herbaceous perennial,Cephalanthera longifolia,Shefferson; Kull; Tali; Kellett,Ecosphere,10.1890/ES11-00328.1
,25.639444,59.491111,Herbaceous perennial,Cephalanthera longifolia,Shefferson; Kull; Tali; Kellett,Ecosphere,10.1890/ES11-00328.1
,25.639444,59.491111,Herbaceous perennial,Cephalanthera longifolia,Shefferson; Kull; Tali; Kellett,Ecosphere,10.1890/ES11-00328.1
,25.639444,59.491111,Herbaceous perennial,Cephalanthera longifolia,Shefferson; Kull; Tali; Kellett,Ecosphere,10.1890/ES11-00328.1
,25.639444,59.491111,Herbaceous perennial,Cephalanthera longifolia,Shefferson; Kull; Tali; Kellett,Ecosphere,10.1890/ES11-00328.1
,23.552222,58.559722,Herbaceous perennial,Cephalanthera longifolia,Shefferson; Kull; Tali; Kellett,Ecosphere,10.1890/ES11-00328.1
,23.552222,58.559722,Herbaceous perennial,Cephalanthera longifolia,Shefferson; Kull; Tali; Kellett,Ecosphere,10.1890/ES11-00328.1
,23.552222,58.559722,Herbaceous perennial,Cephalanthera longifolia,Shefferson; Kull; Tali; Kellett,Ecosphere,10.1890/ES11-00328.1
,23.552222,58.559722,Herbaceous perennial,Cephalanthera longifolia,Shefferson; Kull; Tali; Kellett,Ecosphere,10.1890/ES11-00328.1
,23.552222,58.559722,Herbaceous perennial,Cephalanthera longifolia,Shefferson; Kull; Tali; Kellett,Ecosphere,10.1890/ES11-00328.1
,23.552222,58.559722,Herbaceous perennial,Cephalanthera longifolia,Shefferson; Kull; Tali; Kellett,Ecosphere,10.1890/ES11-00328.1
,23.552222,58.559722,Herbaceous perennial,Cephalanthera longifolia,Shefferson; Kull; Tali; Kellett,Ecosphere,10.1890/ES11-00328.1
,23.552222,58.559722,Herbaceous perennial,Cephalanthera longifolia,Shefferson; Kull; Tali; Kellett,Ecosphere,10.1890/ES11-00328.1
,23.552222,58.559722,Herbaceous perennial,Cephalanthera longifolia,Shefferson; Kull; Tali; Kellett,Ecosphere,10.1890/ES11-00328.1
,23.552222,58.559722,Herbaceous perennial,Cephalanthera longifolia,Shefferson; Kull; Tali; Kellett,Ecosphere,10.1890/ES11-00328.1
,23.552222,58.559722,Herbaceous perennial,Cephalanthera longifolia,Shefferson; Kull; Tali; Kellett,Ecosphere,10.1890/ES11-00328.1
,23.552222,58.559722,Herbaceous perennial,Cephalanthera longifolia,Shefferson; Kull; Tali; Kellett,Ecosphere,10.1890/ES11-00328.1
,21.917222,58.472222,Herbaceous perennial,Cephalanthera longifolia,Shefferson; Kull; Tali; Kellett,Ecosphere,10.1890/ES11-00328.1
,21.917222,58.472222,Herbaceous perennial,Cephalanthera longifolia,Shefferson; Kull; Tali; Kellett,Ecosphere,10.1890/ES11-00328.1
,21.917222,58.472222,Herbaceous perennial,Cephalanthera longifolia,Shefferson; Kull; Tali; Kellett,Ecosphere,10.1890/ES11-00328.1
,21.917222,58.472222,Herbaceous perennial,Cephalanthera longifolia,Shefferson; Kull; Tali; Kellett,Ecosphere,10.1890/ES11-00328.1
,21.917222,58.472222,Herbaceous perennial,Cephalanthera longifolia,Shefferson; Kull; Tali; Kellett,Ecosphere,10.1890/ES11-00328.1
,21.917222,58.472222,Herbaceous perennial,Cephalanthera longifolia,Shefferson; Kull; Tali; Kellett,Ecosphere,10.1890/ES11-00328.1
,21.917222,58.472222,Herbaceous perennial,Cephalanthera longifolia,Shefferson; Kull; Tali; Kellett,Ecosphere,10.1890/ES11-00328.1
,21.917222,58.472222,Herbaceous perennial,Cephalanthera longifolia,Shefferson; Kull; Tali; Kellett,Ecosphere,10.1890/ES11-00328.1
,21.917222,58.472222,Herbaceous perennial,Cephalanthera longifolia,Shefferson; Kull; Tali; Kellett,Ecosphere,10.1890/ES11-00328.1
,21.917222,58.472222,Herbaceous perennial,Cephalanthera longifolia,Shefferson; Kull; Tali; Kellett,Ecosphere,10.1890/ES11-00328.1
,21.917222,58.472222,Herbaceous perennial,Cephalanthera longifolia,Shefferson; Kull; Tali; Kellett,Ecosphere,10.1890/ES11-00328.1
,21.917222,58.472222,Herbaceous perennial,Cephalanthera longifolia,Shefferson; Kull; Tali; Kellett,Ecosphere,10.1890/ES11-00328.1
,-79.9328,39.279202,Herbaceous perennial,Cleistes bifaria,Gregg; Kéry,Biol Conserv,10.1016/j.biocon.2005.09.044
,-82.277496,29.658701,Herbaceous perennial,Cleistes bifaria,Gregg; Kéry,Biol Conserv,10.1016/j.biocon.2005.09.044
,NA,NA,Herbaceous perennial,Cypripedium calceolus,Shefferson; Kull; Tali; Kellett,Ecosphere,10.1890/ES11-00328.1
,NA,NA,Herbaceous perennial,Cypripedium calceolus,Shefferson; Kull; Tali; Kellett,Ecosphere,10.1890/ES11-00328.1
,NA,NA,Herbaceous perennial,Cypripedium calceolus,Shefferson; Kull; Tali; Kellett,Ecosphere,10.1890/ES11-00328.1
,23.266389,58.579444,Herbaceous perennial,Cypripedium calceolus,Shefferson; Kull; Tali; Kellett,Ecosphere,10.1890/ES11-00328.1
,23.266389,58.579444,Herbaceous perennial,Cypripedium calceolus,Shefferson; Kull; Tali; Kellett,Ecosphere,10.1890/ES11-00328.1
,23.266389,58.579444,Herbaceous perennial,Cypripedium calceolus,Shefferson; Kull; Tali; Kellett,Ecosphere,10.1890/ES11-00328.1
,23.266389,58.579444,Herbaceous perennial,Cypripedium calceolus,Shefferson; Kull; Tali; Kellett,Ecosphere,10.1890/ES11-00328.1
,23.266389,58.579444,Herbaceous perennial,Cypripedium calceolus,Shefferson; Kull; Tali; Kellett,Ecosphere,10.1890/ES11-00328.1
,23.266389,58.579444,Herbaceous perennial,Cypripedium calceolus,Shefferson; Kull; Tali; Kellett,Ecosphere,10.1890/ES11-00328.1
,23.266389,58.579444,Herbaceous perennial,Cypripedium calceolus,Shefferson; Kull; Tali; Kellett,Ecosphere,10.1890/ES11-00328.1
,23.266389,58.579444,Herbaceous perennial,Cypripedium calceolus,Shefferson; Kull; Tali; Kellett,Ecosphere,10.1890/ES11-00328.1
,23.266389,58.579444,Herbaceous perennial,Cypripedium calceolus,Shefferson; Kull; Tali; Kellett,Ecosphere,10.1890/ES11-00328.1
,23.266389,58.579444,Herbaceous perennial,Cypripedium calceolus,Shefferson; Kull; Tali; Kellett,Ecosphere,10.1890/ES11-00328.1
,23.266389,58.579444,Herbaceous perennial,Cypripedium calceolus,Shefferson; Kull; Tali; Kellett,Ecosphere,10.1890/ES11-00328.1
,23.266389,58.579444,Herbaceous perennial,Cypripedium calceolus,Shefferson; Kull; Tali; Kellett,Ecosphere,10.1890/ES11-00328.1
,23.266389,58.579444,Herbaceous perennial,Cypripedium calceolus,Shefferson; Kull; Tali; Kellett,Ecosphere,10.1890/ES11-00328.1
,23.266389,58.579444,Herbaceous perennial,Cypripedium calceolus,Shefferson; Kull; Tali; Kellett,Ecosphere,10.1890/ES11-00328.1
,23.266389,58.579444,Herbaceous perennial,Cypripedium calceolus,Shefferson; Kull; Tali; Kellett,Ecosphere,10.1890/ES11-00328.1
,26.341667,59.483333,Herbaceous perennial,Cypripedium calceolus,Shefferson; Kull; Tali; Kellett,Ecosphere,10.1890/ES11-00328.1
,26.341667,59.483333,Herbaceous perennial,Cypripedium calceolus,Shefferson; Kull; Tali; Kellett,Ecosphere,10.1890/ES11-00328.1
,26.341667,59.483333,Herbaceous perennial,Cypripedium calceolus,Shefferson; Kull; Tali; Kellett,Ecosphere,10.1890/ES11-00328.1
,26.341667,59.483333,Herbaceous perennial,Cypripedium calceolus,Shefferson; Kull; Tali; Kellett,Ecosphere,10.1890/ES11-00328.1
,26.341667,59.483333,Herbaceous perennial,Cypripedium calceolus,Shefferson; Kull; Tali; Kellett,Ecosphere,10.1890/ES11-00328.1
,26.341667,59.483333,Herbaceous perennial,Cypripedium calceolus,Shefferson; Kull; Tali; Kellett,Ecosphere,10.1890/ES11-00328.1
,26.341667,59.483333,Herbaceous perennial,Cypripedium calceolus,Shefferson; Kull; Tali; Kellett,Ecosphere,10.1890/ES11-00328.1
,26.341667,59.483333,Herbaceous perennial,Cypripedium calceolus,Shefferson; Kull; Tali; Kellett,Ecosphere,10.1890/ES11-00328.1
,26.341667,59.483333,Herbaceous perennial,Cypripedium calceolus,Shefferson; Kull; Tali; Kellett,Ecosphere,10.1890/ES11-00328.1
,26.341667,59.483333,Herbaceous perennial,Cypripedium calceolus,Shefferson; Kull; Tali; Kellett,Ecosphere,10.1890/ES11-00328.1
,26.341667,59.483333,Herbaceous perennial,Cypripedium calceolus,Shefferson; Kull; Tali; Kellett,Ecosphere,10.1890/ES11-00328.1
,26.341667,59.483333,Herbaceous perennial,Cypripedium calceolus,Shefferson; Kull; Tali; Kellett,Ecosphere,10.1890/ES11-00328.1
,26.341667,59.483333,Herbaceous perennial,Cypripedium calceolus,Shefferson; Kull; Tali; Kellett,Ecosphere,10.1890/ES11-00328.1
,26.341667,59.483333,Herbaceous perennial,Cypripedium calceolus,Shefferson; Kull; Tali; Kellett,Ecosphere,10.1890/ES11-00328.1
,26.341667,59.483333,Herbaceous perennial,Cypripedium calceolus,Shefferson; Kull; Tali; Kellett,Ecosphere,10.1890/ES11-00328.1
,-84.515278,21.936389,Epiphyte,Dendrophylax lindenii,Raventós; Gonzalez; Mújica; Bonet,Biotropica,10.1111/btp.12231
,-92.105833,15.03,Epiphyte,Erycina crista-galli,Mondragón; Maldonado; Aguilar-Santelises,Selbyana,10.1111/boj.12204
,-92.166667,14.983333,Epiphyte,Erycina crista-galli,Mondragón; Maldonado; Aguilar-Santelises,Selbyana,10.1111/boj.12204
,-92.165833,15.091944,Epiphyte,Lepanthes acuminata,Raventós; García-González; Riverón-Giró; Damon,Plant Ecol Divers,10.1080/17550874.2018.1444110
,-66.072778,18.101667,Epiphyte,Lepanthes caritensis,Crain; Tremblay; Ferguson,Popul Ecol,10.1002/1438-390X.1002
,-66.072778,18.101667,Epiphyte,Lepanthes caritensis,Crain; Tremblay; Ferguson,Popul Ecol,10.1002/1438-390X.1002
,-66.072778,18.101667,Epiphyte,Lepanthes caritensis,Crain; Tremblay; Ferguson,Popul Ecol,10.1002/1438-390X.1002
,-66.072778,18.101667,Epiphyte,Lepanthes caritensis,Crain; Tremblay; Ferguson,Popul Ecol,10.1002/1438-390X.1002
,-66.072778,18.101667,Epiphyte,Lepanthes caritensis,Crain; Tremblay; Ferguson,Popul Ecol,10.1002/1438-390X.1002
,-66.072778,18.101667,Epiphyte,Lepanthes caritensis,Crain; Tremblay; Ferguson,Popul Ecol,10.1002/1438-390X.1002
,-66.072778,18.101667,Epiphyte,Lepanthes caritensis,Crain; Tremblay; Ferguson,Popul Ecol,10.1002/1438-390X.1002
,-66.072778,18.101667,Epiphyte,Lepanthes caritensis,Crain; Tremblay; Ferguson,Popul Ecol,10.1002/1438-390X.1002
,-66.072778,18.101667,Epiphyte,Lepanthes caritensis,Crain; Tremblay; Ferguson,Popul Ecol,10.1002/1438-390X.1002
,-66.072778,18.101667,Epiphyte,Lepanthes caritensis,Crain; Tremblay; Ferguson,Popul Ecol,10.1002/1438-390X.1002
,-66.072778,18.101667,Epiphyte,Lepanthes caritensis,Crain; Tremblay; Ferguson,Popul Ecol,10.1002/1438-390X.1002
,-66.072778,18.101667,Epiphyte,Lepanthes caritensis,Crain; Tremblay; Ferguson,Popul Ecol,10.1002/1438-390X.1002
,-66.072778,18.101667,Epiphyte,Lepanthes caritensis,Crain; Tremblay; Ferguson,Popul Ecol,10.1002/1438-390X.1002
,-66.072778,18.101667,Epiphyte,Lepanthes caritensis,Crain; Tremblay; Ferguson,Popul Ecol,10.1002/1438-390X.1002
,-66.072778,18.101667,Epiphyte,Lepanthes caritensis,Crain; Tremblay; Ferguson,Popul Ecol,10.1002/1438-390X.1002
,-66.072778,18.101667,Epiphyte,Lepanthes caritensis,Crain; Tremblay; Ferguson,Popul Ecol,10.1002/1438-390X.1002
,-66.072778,18.101667,Epiphyte,Lepanthes caritensis,Crain; Tremblay; Ferguson,Popul Ecol,10.1002/1438-390X.1002
,-66.072778,18.101667,Epiphyte,Lepanthes caritensis,Crain; Tremblay; Ferguson,Popul Ecol,10.1002/1438-390X.1002
,-66.072778,18.101667,Epiphyte,Lepanthes caritensis,Crain; Tremblay; Ferguson,Popul Ecol,10.1002/1438-390X.1002
,-66.072778,18.101667,Epiphyte,Lepanthes caritensis,Crain; Tremblay; Ferguson,Popul Ecol,10.1002/1438-390X.1002
,-66.072778,18.101667,Epiphyte,Lepanthes caritensis,Crain; Tremblay; Ferguson,Popul Ecol,10.1002/1438-390X.1002
,-66.072778,18.101667,Epiphyte,Lepanthes caritensis,Crain; Tremblay; Ferguson,Popul Ecol,10.1002/1438-390X.1002
,-66.072778,18.101667,Epiphyte,Lepanthes caritensis,Crain; Tremblay; Ferguson,Popul Ecol,10.1002/1438-390X.1002
,-66.072778,18.101667,Epiphyte,Lepanthes caritensis,Crain; Tremblay; Ferguson,Popul Ecol,10.1002/1438-390X.1002
,-66.072778,18.101667,Epiphyte,Lepanthes caritensis,Crain; Tremblay; Ferguson,Popul Ecol,10.1002/1438-390X.1002
,-66.072778,18.101667,Epiphyte,Lepanthes caritensis,Crain; Tremblay; Ferguson,Popul Ecol,10.1002/1438-390X.1002
,-66.072778,18.101667,Epiphyte,Lepanthes caritensis,Crain; Tremblay; Ferguson,Popul Ecol,10.1002/1438-390X.1002
,-66.072778,18.101667,Epiphyte,Lepanthes caritensis,Crain; Tremblay; Ferguson,Popul Ecol,10.1002/1438-390X.1002
,-66.072778,18.101667,Epiphyte,Lepanthes caritensis,Crain; Tremblay; Ferguson,Popul Ecol,10.1002/1438-390X.1002
,-66.072778,18.101667,Epiphyte,Lepanthes caritensis,Crain; Tremblay; Ferguson,Popul Ecol,10.1002/1438-390X.1002
,-66.072778,18.101667,Epiphyte,Lepanthes caritensis,Crain; Tremblay; Ferguson,Popul Ecol,10.1002/1438-390X.1002
,-66.072778,18.101667,Epiphyte,Lepanthes caritensis,Crain; Tremblay; Ferguson,Popul Ecol,10.1002/1438-390X.1002
,-66.072778,18.101667,Epiphyte,Lepanthes caritensis,Crain; Tremblay; Ferguson,Popul Ecol,10.1002/1438-390X.1002
,-66.072778,18.101667,Epiphyte,Lepanthes caritensis,Crain; Tremblay; Ferguson,Popul Ecol,10.1002/1438-390X.1002
,-66.072778,18.101667,Epiphyte,Lepanthes caritensis,Crain; Tremblay; Ferguson,Popul Ecol,10.1002/1438-390X.1002
,-66.072778,18.101667,Epiphyte,Lepanthes caritensis,Crain; Tremblay; Ferguson,Popul Ecol,10.1002/1438-390X.1002
,-66.072778,18.101667,Epiphyte,Lepanthes caritensis,Crain; Tremblay; Ferguson,Popul Ecol,10.1002/1438-390X.1002
,-66.072778,18.101667,Epiphyte,Lepanthes caritensis,Crain; Tremblay; Ferguson,Popul Ecol,10.1002/1438-390X.1002
,-66.072778,18.101667,Epiphyte,Lepanthes caritensis,Crain; Tremblay; Ferguson,Popul Ecol,10.1002/1438-390X.1002
,-66.072778,18.101667,Epiphyte,Lepanthes caritensis,Crain; Tremblay; Ferguson,Popul Ecol,10.1002/1438-390X.1002
,-66.072778,18.101667,Epiphyte,Lepanthes caritensis,Crain; Tremblay; Ferguson,Popul Ecol,10.1002/1438-390X.1002
,-66.072778,18.101667,Epiphyte,Lepanthes caritensis,Crain; Tremblay; Ferguson,Popul Ecol,10.1002/1438-390X.1002
,-66.072778,18.101667,Epiphyte,Lepanthes caritensis,Crain; Tremblay; Ferguson,Popul Ecol,10.1002/1438-390X.1002
,-66.072778,18.101667,Epiphyte,Lepanthes caritensis,Crain; Tremblay; Ferguson,Popul Ecol,10.1002/1438-390X.1002
,-66.072778,18.101667,Epiphyte,Lepanthes caritensis,Crain; Tremblay; Ferguson,Popul Ecol,10.1002/1438-390X.1002
,-66.072778,18.101667,Epiphyte,Lepanthes caritensis,Crain; Tremblay; Ferguson,Popul Ecol,10.1002/1438-390X.1002
,-66.072778,18.101667,Epiphyte,Lepanthes caritensis,Crain; Tremblay; Ferguson,Popul Ecol,10.1002/1438-390X.1002
,-66.072778,18.101667,Epiphyte,Lepanthes caritensis,Crain; Tremblay; Ferguson,Popul Ecol,10.1002/1438-390X.1002
,-66.072778,18.101667,Epiphyte,Lepanthes caritensis,Crain; Tremblay; Ferguson,Popul Ecol,10.1002/1438-390X.1002
,-66.072778,18.101667,Epiphyte,Lepanthes caritensis,Crain; Tremblay; Ferguson,Popul Ecol,10.1002/1438-390X.1002
,-66.072778,18.101667,Epiphyte,Lepanthes caritensis,Crain; Tremblay; Ferguson,Popul Ecol,10.1002/1438-390X.1002
,-66.072778,18.101667,Epiphyte,Lepanthes caritensis,Crain; Tremblay; Ferguson,Popul Ecol,10.1002/1438-390X.1002
,-66.072778,18.101667,Epiphyte,Lepanthes caritensis,Crain; Tremblay; Ferguson,Popul Ecol,10.1002/1438-390X.1002
,-66.072778,18.101667,Epiphyte,Lepanthes caritensis,Crain; Tremblay; Ferguson,Popul Ecol,10.1002/1438-390X.1002
,-66.072778,18.101667,Epiphyte,Lepanthes caritensis,Crain; Tremblay; Ferguson,Popul Ecol,10.1002/1438-390X.1002
,-66.072778,18.101667,Epiphyte,Lepanthes caritensis,Crain; Tremblay; Ferguson,Popul Ecol,10.1002/1438-390X.1002
,-66.072778,18.101667,Epiphyte,Lepanthes caritensis,Crain; Tremblay; Ferguson,Popul Ecol,10.1002/1438-390X.1002
,-66.072778,18.101667,Epiphyte,Lepanthes caritensis,Crain; Tremblay; Ferguson,Popul Ecol,10.1002/1438-390X.1002
,-66.072778,18.101667,Epiphyte,Lepanthes caritensis,Crain; Tremblay; Ferguson,Popul Ecol,10.1002/1438-390X.1002
,-66.072778,18.101667,Epiphyte,Lepanthes caritensis,Crain; Tremblay; Ferguson,Popul Ecol,10.1002/1438-390X.1002
,-66.072778,18.101667,Epiphyte,Lepanthes caritensis,Crain; Tremblay; Ferguson,Popul Ecol,10.1002/1438-390X.1002
,-66.072778,18.101667,Epiphyte,Lepanthes caritensis,Crain; Tremblay; Ferguson,Popul Ecol,10.1002/1438-390X.1002
,-66.072778,18.101667,Epiphyte,Lepanthes caritensis,Crain; Tremblay; Ferguson,Popul Ecol,10.1002/1438-390X.1002
,-66.072778,18.101667,Epiphyte,Lepanthes caritensis,Crain; Tremblay; Ferguson,Popul Ecol,10.1002/1438-390X.1002
,-66.072778,18.101667,Epiphyte,Lepanthes caritensis,Crain; Tremblay; Ferguson,Popul Ecol,10.1002/1438-390X.1002
,-66.072778,18.101667,Epiphyte,Lepanthes caritensis,Crain; Tremblay; Ferguson,Popul Ecol,10.1002/1438-390X.1002
,-66.072778,18.101667,Epiphyte,Lepanthes caritensis,Crain; Tremblay; Ferguson,Popul Ecol,10.1002/1438-390X.1002
,-66.072778,18.101667,Epiphyte,Lepanthes caritensis,Crain; Tremblay; Ferguson,Popul Ecol,10.1002/1438-390X.1002
,-66.072778,18.101667,Epiphyte,Lepanthes caritensis,Crain; Tremblay; Ferguson,Popul Ecol,10.1002/1438-390X.1002
,-66.072778,18.101667,Epiphyte,Lepanthes caritensis,Crain; Tremblay; Ferguson,Popul Ecol,10.1002/1438-390X.1002
,-66.072778,18.101667,Epiphyte,Lepanthes caritensis,Crain; Tremblay; Ferguson,Popul Ecol,10.1002/1438-390X.1002
,-66.072778,18.101667,Epiphyte,Lepanthes caritensis,Crain; Tremblay; Ferguson,Popul Ecol,10.1002/1438-390X.1002
,-66.072778,18.101667,Epiphyte,Lepanthes caritensis,Crain; Tremblay; Ferguson,Popul Ecol,10.1002/1438-390X.1002
,-66.072778,18.101667,Epiphyte,Lepanthes caritensis,Crain; Tremblay; Ferguson,Popul Ecol,10.1002/1438-390X.1002
,-66.072778,18.101667,Epiphyte,Lepanthes caritensis,Crain; Tremblay; Ferguson,Popul Ecol,10.1002/1438-390X.1002
,-66.072778,18.101667,Epiphyte,Lepanthes caritensis,Crain; Tremblay; Ferguson,Popul Ecol,10.1002/1438-390X.1002
,-66.072778,18.101667,Epiphyte,Lepanthes caritensis,Crain; Tremblay; Ferguson,Popul Ecol,10.1002/1438-390X.1002
,-66.072778,18.101667,Epiphyte,Lepanthes caritensis,Crain; Tremblay; Ferguson,Popul Ecol,10.1002/1438-390X.1002
,-66.072778,18.101667,Epiphyte,Lepanthes caritensis,Crain; Tremblay; Ferguson,Popul Ecol,10.1002/1438-390X.1002
,-66.072778,18.101667,Epiphyte,Lepanthes caritensis,Crain; Tremblay; Ferguson,Popul Ecol,10.1002/1438-390X.1002
,-66.072778,18.101667,Epiphyte,Lepanthes caritensis,Crain; Tremblay; Ferguson,Popul Ecol,10.1002/1438-390X.1002
,-66.072778,18.101667,Epiphyte,Lepanthes caritensis,Crain; Tremblay; Ferguson,Popul Ecol,10.1002/1438-390X.1002
,-66.072778,18.101667,Epiphyte,Lepanthes caritensis,Crain; Tremblay; Ferguson,Popul Ecol,10.1002/1438-390X.1002
,-66.072778,18.101667,Epiphyte,Lepanthes caritensis,Crain; Tremblay; Ferguson,Popul Ecol,10.1002/1438-390X.1002
,-66.072778,18.101667,Epiphyte,Lepanthes caritensis,Crain; Tremblay; Ferguson,Popul Ecol,10.1002/1438-390X.1002
,-66.072778,18.101667,Epiphyte,Lepanthes caritensis,Crain; Tremblay; Ferguson,Popul Ecol,10.1002/1438-390X.1002
,-66.072778,18.101667,Epiphyte,Lepanthes caritensis,Crain; Tremblay; Ferguson,Popul Ecol,10.1002/1438-390X.1002
,-66.072778,18.101667,Epiphyte,Lepanthes caritensis,Crain; Tremblay; Ferguson,Popul Ecol,10.1002/1438-390X.1002
,-66.072778,18.101667,Epiphyte,Lepanthes caritensis,Crain; Tremblay; Ferguson,Popul Ecol,10.1002/1438-390X.1002
,-66.072778,18.101667,Epiphyte,Lepanthes caritensis,Crain; Tremblay; Ferguson,Popul Ecol,10.1002/1438-390X.1002
,-66.072778,18.101667,Epiphyte,Lepanthes caritensis,Crain; Tremblay; Ferguson,Popul Ecol,10.1002/1438-390X.1002
,-66.072778,18.101667,Epiphyte,Lepanthes caritensis,Crain; Tremblay; Ferguson,Popul Ecol,10.1002/1438-390X.1002
,-66.072778,18.101667,Epiphyte,Lepanthes caritensis,Crain; Tremblay; Ferguson,Popul Ecol,10.1002/1438-390X.1002
,-66.072778,18.101667,Epiphyte,Lepanthes caritensis,Crain; Tremblay; Ferguson,Popul Ecol,10.1002/1438-390X.1002
,-66.072778,18.101667,Epiphyte,Lepanthes caritensis,Crain; Tremblay; Ferguson,Popul Ecol,10.1002/1438-390X.1002
,-66.072778,18.101667,Epiphyte,Lepanthes caritensis,Crain; Tremblay; Ferguson,Popul Ecol,10.1002/1438-390X.1002
,-66.072778,18.101667,Epiphyte,Lepanthes caritensis,Crain; Tremblay; Ferguson,Popul Ecol,10.1002/1438-390X.1002
,-66.072778,18.101667,Epiphyte,Lepanthes caritensis,Crain; Tremblay; Ferguson,Popul Ecol,10.1002/1438-390X.1002
,-66.072778,18.101667,Epiphyte,Lepanthes caritensis,Crain; Tremblay; Ferguson,Popul Ecol,10.1002/1438-390X.1002
,-66.072778,18.101667,Epiphyte,Lepanthes caritensis,Crain; Tremblay; Ferguson,Popul Ecol,10.1002/1438-390X.1002
,-66.072778,18.101667,Epiphyte,Lepanthes caritensis,Crain; Tremblay; Ferguson,Popul Ecol,10.1002/1438-390X.1002
,-66.072778,18.101667,Epiphyte,Lepanthes caritensis,Crain; Tremblay; Ferguson,Popul Ecol,10.1002/1438-390X.1002
,-66.072778,18.101667,Epiphyte,Lepanthes caritensis,Crain; Tremblay; Ferguson,Popul Ecol,10.1002/1438-390X.1002
,-66.072778,18.101667,Epiphyte,Lepanthes caritensis,Crain; Tremblay; Ferguson,Popul Ecol,10.1002/1438-390X.1002
,-66.072778,18.101667,Epiphyte,Lepanthes caritensis,Crain; Tremblay; Ferguson,Popul Ecol,10.1002/1438-390X.1002
,-66.072778,18.101667,Epiphyte,Lepanthes caritensis,Crain; Tremblay; Ferguson,Popul Ecol,10.1002/1438-390X.1002
,-66.072778,18.101667,Epiphyte,Lepanthes caritensis,Crain; Tremblay; Ferguson,Popul Ecol,10.1002/1438-390X.1002
,-66.072778,18.101667,Epiphyte,Lepanthes caritensis,Crain; Tremblay; Ferguson,Popul Ecol,10.1002/1438-390X.1002
,-66.072778,18.101667,Epiphyte,Lepanthes caritensis,Crain; Tremblay; Ferguson,Popul Ecol,10.1002/1438-390X.1002
,-66.072778,18.101667,Epiphyte,Lepanthes caritensis,Crain; Tremblay; Ferguson,Popul Ecol,10.1002/1438-390X.1002
,-66.072778,18.101667,Epiphyte,Lepanthes caritensis,Crain; Tremblay; Ferguson,Popul Ecol,10.1002/1438-390X.1002
,-66.072778,18.101667,Epiphyte,Lepanthes caritensis,Crain; Tremblay; Ferguson,Popul Ecol,10.1002/1438-390X.1002
,-66.072778,18.101667,Epiphyte,Lepanthes caritensis,Crain; Tremblay; Ferguson,Popul Ecol,10.1002/1438-390X.1002
,-66.072778,18.101667,Epiphyte,Lepanthes caritensis,Crain; Tremblay; Ferguson,Popul Ecol,10.1002/1438-390X.1002
,-66.072778,18.101667,Epiphyte,Lepanthes caritensis,Crain; Tremblay; Ferguson,Popul Ecol,10.1002/1438-390X.1002
,-66.072778,18.101667,Epiphyte,Lepanthes caritensis,Crain; Tremblay; Ferguson,Popul Ecol,10.1002/1438-390X.1002
,-66.072778,18.101667,Epiphyte,Lepanthes caritensis,Crain; Tremblay; Ferguson,Popul Ecol,10.1002/1438-390X.1002
,-66.072778,18.101667,Epiphyte,Lepanthes caritensis,Crain; Tremblay; Ferguson,Popul Ecol,10.1002/1438-390X.1002
,-66.072778,18.101667,Epiphyte,Lepanthes caritensis,Crain; Tremblay; Ferguson,Popul Ecol,10.1002/1438-390X.1002
,-66.072778,18.101667,Epiphyte,Lepanthes caritensis,Crain; Tremblay; Ferguson,Popul Ecol,10.1002/1438-390X.1002
,-66.072778,18.101667,Epiphyte,Lepanthes caritensis,Crain; Tremblay; Ferguson,Popul Ecol,10.1002/1438-390X.1002
,-66.072778,18.101667,Epiphyte,Lepanthes caritensis,Crain; Tremblay; Ferguson,Popul Ecol,10.1002/1438-390X.1002
,-66.072778,18.101667,Epiphyte,Lepanthes caritensis,Crain; Tremblay; Ferguson,Popul Ecol,10.1002/1438-390X.1002
,-66.072778,18.101667,Epiphyte,Lepanthes caritensis,Crain; Tremblay; Ferguson,Popul Ecol,10.1002/1438-390X.1002
,-66.072778,18.101667,Epiphyte,Lepanthes caritensis,Crain; Tremblay; Ferguson,Popul Ecol,10.1002/1438-390X.1002
,-66.072778,18.101667,Epiphyte,Lepanthes caritensis,Crain; Tremblay; Ferguson,Popul Ecol,10.1002/1438-390X.1002
,-66.072778,18.101667,Epiphyte,Lepanthes caritensis,Crain; Tremblay; Ferguson,Popul Ecol,10.1002/1438-390X.1002
,-66.072778,18.101667,Epiphyte,Lepanthes caritensis,Crain; Tremblay; Ferguson,Popul Ecol,10.1002/1438-390X.1002
,-66.072778,18.101667,Epiphyte,Lepanthes caritensis,Crain; Tremblay; Ferguson,Popul Ecol,10.1002/1438-390X.1002
,-66.072778,18.101667,Epiphyte,Lepanthes caritensis,Crain; Tremblay; Ferguson,Popul Ecol,10.1002/1438-390X.1002
,-66.072778,18.101667,Epiphyte,Lepanthes caritensis,Crain; Tremblay; Ferguson,Popul Ecol,10.1002/1438-390X.1002
,-66.072778,18.101667,Epiphyte,Lepanthes caritensis,Crain; Tremblay; Ferguson,Popul Ecol,10.1002/1438-390X.1002
,-66.072778,18.101667,Epiphyte,Lepanthes caritensis,Crain; Tremblay; Ferguson,Popul Ecol,10.1002/1438-390X.1002
,-66.072778,18.101667,Epiphyte,Lepanthes caritensis,Crain; Tremblay; Ferguson,Popul Ecol,10.1002/1438-390X.1002
,-66.072778,18.101667,Epiphyte,Lepanthes caritensis,Crain; Tremblay; Ferguson,Popul Ecol,10.1002/1438-390X.1002
,-66.072778,18.101667,Epiphyte,Lepanthes caritensis,Crain; Tremblay; Ferguson,Popul Ecol,10.1002/1438-390X.1002
,-66.072778,18.101667,Epiphyte,Lepanthes caritensis,Crain; Tremblay; Ferguson,Popul Ecol,10.1002/1438-390X.1002
,-66.072778,18.101667,Epiphyte,Lepanthes caritensis,Crain; Tremblay; Ferguson,Popul Ecol,10.1002/1438-390X.1002
,-66.072778,18.101667,Epiphyte,Lepanthes caritensis,Crain; Tremblay; Ferguson,Popul Ecol,10.1002/1438-390X.1002
,-66.072778,18.101667,Epiphyte,Lepanthes caritensis,Crain; Tremblay; Ferguson,Popul Ecol,10.1002/1438-390X.1002
,-66.072778,18.101667,Epiphyte,Lepanthes caritensis,Crain; Tremblay; Ferguson,Popul Ecol,10.1002/1438-390X.1002
,-66.072778,18.101667,Epiphyte,Lepanthes caritensis,Crain; Tremblay; Ferguson,Popul Ecol,10.1002/1438-390X.1002
,-66.072778,18.101667,Epiphyte,Lepanthes caritensis,Crain; Tremblay; Ferguson,Popul Ecol,10.1002/1438-390X.1002
,-66.072778,18.101667,Epiphyte,Lepanthes caritensis,Crain; Tremblay; Ferguson,Popul Ecol,10.1002/1438-390X.1002
,-66.072778,18.101667,Epiphyte,Lepanthes caritensis,Crain; Tremblay; Ferguson,Popul Ecol,10.1002/1438-390X.1002
,-66.072778,18.101667,Epiphyte,Lepanthes caritensis,Crain; Tremblay; Ferguson,Popul Ecol,10.1002/1438-390X.1002
,-66.072778,18.101667,Epiphyte,Lepanthes caritensis,Crain; Tremblay; Ferguson,Popul Ecol,10.1002/1438-390X.1002
,-66.072778,18.101667,Epiphyte,Lepanthes caritensis,Crain; Tremblay; Ferguson,Popul Ecol,10.1002/1438-390X.1002
,-66.072778,18.101667,Epiphyte,Lepanthes caritensis,Crain; Tremblay; Ferguson,Popul Ecol,10.1002/1438-390X.1002
,-66.072778,18.101667,Epiphyte,Lepanthes caritensis,Crain; Tremblay; Ferguson,Popul Ecol,10.1002/1438-390X.1002
,-66.072778,18.101667,Epiphyte,Lepanthes caritensis,Crain; Tremblay; Ferguson,Popul Ecol,10.1002/1438-390X.1002
,-66.072778,18.101667,Epiphyte,Lepanthes caritensis,Crain; Tremblay; Ferguson,Popul Ecol,10.1002/1438-390X.1002
,-66.072778,18.101667,Epiphyte,Lepanthes caritensis,Crain; Tremblay; Ferguson,Popul Ecol,10.1002/1438-390X.1002
,-66.072778,18.101667,Epiphyte,Lepanthes caritensis,Crain; Tremblay; Ferguson,Popul Ecol,10.1002/1438-390X.1002
,-66.072778,18.101667,Epiphyte,Lepanthes caritensis,Crain; Tremblay; Ferguson,Popul Ecol,10.1002/1438-390X.1002
,-66.072778,18.101667,Epiphyte,Lepanthes caritensis,Crain; Tremblay; Ferguson,Popul Ecol,10.1002/1438-390X.1002
,-66.072778,18.101667,Epiphyte,Lepanthes caritensis,Crain; Tremblay; Ferguson,Popul Ecol,10.1002/1438-390X.1002
,-66.072778,18.101667,Epiphyte,Lepanthes caritensis,Crain; Tremblay; Ferguson,Popul Ecol,10.1002/1438-390X.1002
,-66.072778,18.101667,Epiphyte,Lepanthes caritensis,Crain; Tremblay; Ferguson,Popul Ecol,10.1002/1438-390X.1002
,-66.072778,18.101667,Epiphyte,Lepanthes caritensis,Crain; Tremblay; Ferguson,Popul Ecol,10.1002/1438-390X.1002
,-66.072778,18.101667,Epiphyte,Lepanthes caritensis,Crain; Tremblay; Ferguson,Popul Ecol,10.1002/1438-390X.1002
,-66.072778,18.101667,Epiphyte,Lepanthes caritensis,Crain; Tremblay; Ferguson,Popul Ecol,10.1002/1438-390X.1002
,-66.0275,18.094167,Epiphyte,Lepanthes caritensis,Tremblay,Selbyana,NA
,-66.0275,18.094167,Epiphyte,Lepanthes caritensis,Tremblay,Selbyana,NA
,-65.8,18.294722,Epiphyte,Lepanthes rubripetala,Schödelbauerová; Tremblay; Kindlmann,Biodivers Conserv,10.1007/s10531-009-9724-1
,-65.8,18.294722,Epiphyte,Lepanthes rubripetala,Schödelbauerová; Tremblay; Kindlmann,Biodivers Conserv,10.1007/s10531-009-9724-1
,-65.8,18.294722,Epiphyte,Lepanthes rubripetala,Schödelbauerová; Tremblay; Kindlmann,Biodivers Conserv,10.1007/s10531-009-9724-1
,-65.8,18.294722,Epiphyte,Lepanthes rubripetala,Schödelbauerová; Tremblay; Kindlmann,Biodivers Conserv,10.1007/s10531-009-9724-1
,-65.8,18.294722,Epiphyte,Lepanthes rubripetala,Schödelbauerová; Tremblay; Kindlmann,Biodivers Conserv,10.1007/s10531-009-9724-1
,-65.8,18.294722,Epiphyte,Lepanthes rubripetala,Schödelbauerová; Tremblay; Kindlmann,Biodivers Conserv,10.1007/s10531-009-9724-1
,-65.8,18.294722,Epiphyte,Lepanthes rubripetala,Schödelbauerová; Tremblay; Kindlmann,Biodivers Conserv,10.1007/s10531-009-9724-1
,NA,NA,Epiphyte,Lepanthes rubripetala,Tremblay; Raventós; Ackerman; ,Ann Bot-London,10.1093/aob/mcv031
,NA,NA,Epiphyte,Lepanthes rubripetala,Tremblay; Raventós; Ackerman; ,Ann Bot-London,10.1093/aob/mcv031
,NA,NA,Epiphyte,Lepanthes rubripetala,Tremblay; Raventós; Ackerman; ,Ann Bot-London,10.1093/aob/mcv031
,NA,NA,Epiphyte,Lepanthes rubripetala,Tremblay; Raventós; Ackerman; ,Ann Bot-London,10.1093/aob/mcv031
,NA,NA,Epiphyte,Lepanthes rubripetala,Tremblay; Raventós; Ackerman; ,Ann Bot-London,10.1093/aob/mcv031
,NA,NA,Epiphyte,Lepanthes rubripetala,Tremblay; Raventós; Ackerman; ,Ann Bot-London,10.1093/aob/mcv031
,-92.165833,15.091944,Epiphyte,Oncidium poikilostalix,Raventós; García-González; Riverón-Giró; Damon,Plant Ecol Divers,10.1080/17550874.2018.1444110
,-92.165833,15.091944,Epiphyte,Oncidium poikilostalix,García-González; Damon; Raventós; Riverón-Giró; Mújica; Solís-Montero,Plant Ecol Divers,10.1080/17550874.2017.1315840
,-92.165833,15.091944,Epiphyte,Oncidium poikilostalix,García-González; Damon; Raventós; Riverón-Giró; Mújica; Solís-Montero,Plant Ecol Divers,10.1080/17550874.2017.1315840
,-92.165833,15.091944,Epiphyte,Oncidium poikilostalix,García-González; Damon; Raventós; Riverón-Giró; Mújica; Solís-Montero,Plant Ecol Divers,10.1080/17550874.2017.1315840
,16.115833,39.221944,Herbaceous perennial,Serapias cordigera,Pellegrino; Bellusci,Bot J Linn Soc,10.1111/boj.12204
,16.115833,39.221944,Herbaceous perennial,Serapias cordigera,Pellegrino; Bellusci,Bot J Linn Soc,10.1111/boj.12204
,16.115833,39.221944,Herbaceous perennial,Serapias cordigera,Pellegrino; Bellusci,Bot J Linn Soc,10.1111/boj.12204
,16.115833,39.221944,Herbaceous perennial,Serapias cordigera,Pellegrino; Bellusci,Bot J Linn Soc,10.1111/boj.12204
,16.115833,39.221944,Herbaceous perennial,Serapias cordigera,Pellegrino; Bellusci,Bot J Linn Soc,10.1111/boj.12204
,16.115833,39.221944,Herbaceous perennial,Serapias cordigera,Pellegrino; Bellusci,Bot J Linn Soc,10.1111/boj.12204
,16.115833,39.221944,Herbaceous perennial,Serapias cordigera,Pellegrino; Bellusci,Bot J Linn Soc,10.1111/boj.12204
,16.115833,39.221944,Herbaceous perennial,Serapias cordigera,Pellegrino; Bellusci,Bot J Linn Soc,10.1111/boj.12204
,16.115833,39.221944,Herbaceous perennial,Serapias cordigera,Pellegrino; Bellusci,Bot J Linn Soc,10.1111/boj.12204
,16.115833,39.221944,Herbaceous perennial,Serapias cordigera,Pellegrino; Bellusci,Bot J Linn Soc,10.1111/boj.12204
,16.115833,39.221944,Herbaceous perennial,Serapias cordigera,Pellegrino; Bellusci,Bot J Linn Soc,10.1111/boj.12204
,16.115833,39.221944,Herbaceous perennial,Serapias cordigera,Pellegrino; Bellusci,Bot J Linn Soc,10.1111/boj.12204
,16.115833,39.221944,Herbaceous perennial,Serapias cordigera,Pellegrino; Bellusci,Bot J Linn Soc,10.1111/boj.12204
,16.098611,39.265556,Herbaceous perennial,Serapias cordigera,Pellegrino; Bellusci,Bot J Linn Soc,10.1111/boj.12204
,16.098611,39.265556,Herbaceous perennial,Serapias cordigera,Pellegrino; Bellusci,Bot J Linn Soc,10.1111/boj.12204
,16.098611,39.265556,Herbaceous perennial,Serapias cordigera,Pellegrino; Bellusci,Bot J Linn Soc,10.1111/boj.12204
,16.098611,39.265556,Herbaceous perennial,Serapias cordigera,Pellegrino; Bellusci,Bot J Linn Soc,10.1111/boj.12204
,16.098611,39.265556,Herbaceous perennial,Serapias cordigera,Pellegrino; Bellusci,Bot J Linn Soc,10.1111/boj.12204
,16.098611,39.265556,Herbaceous perennial,Serapias cordigera,Pellegrino; Bellusci,Bot J Linn Soc,10.1111/boj.12204
,16.098611,39.265556,Herbaceous perennial,Serapias cordigera,Pellegrino; Bellusci,Bot J Linn Soc,10.1111/boj.12204
,16.098611,39.265556,Herbaceous perennial,Serapias cordigera,Pellegrino; Bellusci,Bot J Linn Soc,10.1111/boj.12204
,16.098611,39.265556,Herbaceous perennial,Serapias cordigera,Pellegrino; Bellusci,Bot J Linn Soc,10.1111/boj.12204
,16.098611,39.265556,Herbaceous perennial,Serapias cordigera,Pellegrino; Bellusci,Bot J Linn Soc,10.1111/boj.12204
,16.098611,39.265556,Herbaceous perennial,Serapias cordigera,Pellegrino; Bellusci,Bot J Linn Soc,10.1111/boj.12204
,16.098611,39.265556,Herbaceous perennial,Serapias cordigera,Pellegrino; Bellusci,Bot J Linn Soc,10.1111/boj.12204
,16.098611,39.265556,Herbaceous perennial,Serapias cordigera,Pellegrino; Bellusci,Bot J Linn Soc,10.1111/boj.12204
,16.366111,39.856667,Herbaceous perennial,Serapias cordigera,Pellegrino; Bellusci,Bot J Linn Soc,10.1111/boj.12204
,16.366111,39.856667,Herbaceous perennial,Serapias cordigera,Pellegrino; Bellusci,Bot J Linn Soc,10.1111/boj.12204
,16.366111,39.856667,Herbaceous perennial,Serapias cordigera,Pellegrino; Bellusci,Bot J Linn Soc,10.1111/boj.12204
,16.366111,39.856667,Herbaceous perennial,Serapias cordigera,Pellegrino; Bellusci,Bot J Linn Soc,10.1111/boj.12204
,16.366111,39.856667,Herbaceous perennial,Serapias cordigera,Pellegrino; Bellusci,Bot J Linn Soc,10.1111/boj.12204
,16.366111,39.856667,Herbaceous perennial,Serapias cordigera,Pellegrino; Bellusci,Bot J Linn Soc,10.1111/boj.12204
,16.366111,39.856667,Herbaceous perennial,Serapias cordigera,Pellegrino; Bellusci,Bot J Linn Soc,10.1111/boj.12204
,16.366111,39.856667,Herbaceous perennial,Serapias cordigera,Pellegrino; Bellusci,Bot J Linn Soc,10.1111/boj.12204
,16.366111,39.856667,Herbaceous perennial,Serapias cordigera,Pellegrino; Bellusci,Bot J Linn Soc,10.1111/boj.12204
,16.366111,39.856667,Herbaceous perennial,Serapias cordigera,Pellegrino; Bellusci,Bot J Linn Soc,10.1111/boj.12204
,16.366111,39.856667,Herbaceous perennial,Serapias cordigera,Pellegrino; Bellusci,Bot J Linn Soc,10.1111/boj.12204
,16.366111,39.856667,Herbaceous perennial,Serapias cordigera,Pellegrino; Bellusci,Bot J Linn Soc,10.1111/boj.12204
,16.366111,39.856667,Herbaceous perennial,Serapias cordigera,Pellegrino; Bellusci,Bot J Linn Soc,10.1111/boj.12204
,16.232778,39.343056,Herbaceous perennial,Serapias cordigera,Pellegrino; Bellusci,Bot J Linn Soc,10.1111/boj.12204
,16.232778,39.343056,Herbaceous perennial,Serapias cordigera,Pellegrino; Bellusci,Bot J Linn Soc,10.1111/boj.12204
,16.232778,39.343056,Herbaceous perennial,Serapias cordigera,Pellegrino; Bellusci,Bot J Linn Soc,10.1111/boj.12204
,16.232778,39.343056,Herbaceous perennial,Serapias cordigera,Pellegrino; Bellusci,Bot J Linn Soc,10.1111/boj.12204
,16.232778,39.343056,Herbaceous perennial,Serapias cordigera,Pellegrino; Bellusci,Bot J Linn Soc,10.1111/boj.12204
,16.232778,39.343056,Herbaceous perennial,Serapias cordigera,Pellegrino; Bellusci,Bot J Linn Soc,10.1111/boj.12204
,16.232778,39.343056,Herbaceous perennial,Serapias cordigera,Pellegrino; Bellusci,Bot J Linn Soc,10.1111/boj.12204
,16.232778,39.343056,Herbaceous perennial,Serapias cordigera,Pellegrino; Bellusci,Bot J Linn Soc,10.1111/boj.12204
,16.232778,39.343056,Herbaceous perennial,Serapias cordigera,Pellegrino; Bellusci,Bot J Linn Soc,10.1111/boj.12204
,16.232778,39.343056,Herbaceous perennial,Serapias cordigera,Pellegrino; Bellusci,Bot J Linn Soc,10.1111/boj.12204
,16.232778,39.343056,Herbaceous perennial,Serapias cordigera,Pellegrino; Bellusci,Bot J Linn Soc,10.1111/boj.12204
,16.232778,39.343056,Herbaceous perennial,Serapias cordigera,Pellegrino; Bellusci,Bot J Linn Soc,10.1111/boj.12204
,16.232778,39.343056,Herbaceous perennial,Serapias cordigera,Pellegrino; Bellusci,Bot J Linn Soc,10.1111/boj.12204
,16.230833,39.363333,Herbaceous perennial,Serapias cordigera,Pellegrino; Bellusci,Bot J Linn Soc,10.1111/boj.12204
,16.230833,39.363333,Herbaceous perennial,Serapias cordigera,Pellegrino; Bellusci,Bot J Linn Soc,10.1111/boj.12204
,16.230833,39.363333,Herbaceous perennial,Serapias cordigera,Pellegrino; Bellusci,Bot J Linn Soc,10.1111/boj.12204
,16.230833,39.363333,Herbaceous perennial,Serapias cordigera,Pellegrino; Bellusci,Bot J Linn Soc,10.1111/boj.12204
,16.230833,39.363333,Herbaceous perennial,Serapias cordigera,Pellegrino; Bellusci,Bot J Linn Soc,10.1111/boj.12204
,16.230833,39.363333,Herbaceous perennial,Serapias cordigera,Pellegrino; Bellusci,Bot J Linn Soc,10.1111/boj.12204
,16.230833,39.363333,Herbaceous perennial,Serapias cordigera,Pellegrino; Bellusci,Bot J Linn Soc,10.1111/boj.12204
,16.230833,39.363333,Herbaceous perennial,Serapias cordigera,Pellegrino; Bellusci,Bot J Linn Soc,10.1111/boj.12204
,16.230833,39.363333,Herbaceous perennial,Serapias cordigera,Pellegrino; Bellusci,Bot J Linn Soc,10.1111/boj.12204
,16.230833,39.363333,Herbaceous perennial,Serapias cordigera,Pellegrino; Bellusci,Bot J Linn Soc,10.1111/boj.12204
,16.230833,39.363333,Herbaceous perennial,Serapias cordigera,Pellegrino; Bellusci,Bot J Linn Soc,10.1111/boj.12204
,16.230833,39.363333,Herbaceous perennial,Serapias cordigera,Pellegrino; Bellusci,Bot J Linn Soc,10.1111/boj.12204
,16.230833,39.363333,Herbaceous perennial,Serapias cordigera,Pellegrino; Bellusci,Bot J Linn Soc,10.1111/boj.12204
,16.233611,39.346944,Herbaceous perennial,Serapias cordigera,Pellegrino; Bellusci,Bot J Linn Soc,10.1111/boj.12204
,16.233611,39.346944,Herbaceous perennial,Serapias cordigera,Pellegrino; Bellusci,Bot J Linn Soc,10.1111/boj.12204
,16.233611,39.346944,Herbaceous perennial,Serapias cordigera,Pellegrino; Bellusci,Bot J Linn Soc,10.1111/boj.12204
,16.233611,39.346944,Herbaceous perennial,Serapias cordigera,Pellegrino; Bellusci,Bot J Linn Soc,10.1111/boj.12204
,16.233611,39.346944,Herbaceous perennial,Serapias cordigera,Pellegrino; Bellusci,Bot J Linn Soc,10.1111/boj.12204
,16.233611,39.346944,Herbaceous perennial,Serapias cordigera,Pellegrino; Bellusci,Bot J Linn Soc,10.1111/boj.12204
,16.233611,39.346944,Herbaceous perennial,Serapias cordigera,Pellegrino; Bellusci,Bot J Linn Soc,10.1111/boj.12204
,16.233611,39.346944,Herbaceous perennial,Serapias cordigera,Pellegrino; Bellusci,Bot J Linn Soc,10.1111/boj.12204
,16.233611,39.346944,Herbaceous perennial,Serapias cordigera,Pellegrino; Bellusci,Bot J Linn Soc,10.1111/boj.12204
,16.233611,39.346944,Herbaceous perennial,Serapias cordigera,Pellegrino; Bellusci,Bot J Linn Soc,10.1111/boj.12204
,16.233611,39.346944,Herbaceous perennial,Serapias cordigera,Pellegrino; Bellusci,Bot J Linn Soc,10.1111/boj.12204
,16.233611,39.346944,Herbaceous perennial,Serapias cordigera,Pellegrino; Bellusci,Bot J Linn Soc,10.1111/boj.12204
,16.233611,39.346944,Herbaceous perennial,Serapias cordigera,Pellegrino; Bellusci,Bot J Linn Soc,10.1111/boj.12204
,-92.165833,15.091944,Epiphyte,Telipogon helleri,Raventós; García-González; Riverón-Giró; Damon,Plant Ecol Divers,10.1080/17550874.2018.1444110
,-79.85,9.166667,Epiphyte,Aspasia principissa,Zotz; Schmidt,Biol Conserv,10.1016/j.biocon.2005.07.022
,-92.081111,15.064444,Epiphyte,Guarianthe aurantiaca,Mondragón,Plant Spec Biol,10.1111/j.1442-1984.2009.00230.x
,-92.081111,15.064444,Epiphyte,Guarianthe aurantiaca,Mondragón,Plant Spec Biol,10.1111/j.1442-1984.2009.00230.x
,-92.081111,15.064444,Epiphyte,Guarianthe aurantiaca,Mondragón,Plant Spec Biol,10.1111/j.1442-1984.2009.00230.x
,-96.95,19.516667,Epiphyte,Jacquiniella leucomelana,Winkler; Hülber; Hietz,Ann Bot-London,10.1093/aob/mcp188
,-96.95,19.516667,Epiphyte,Jacquiniella leucomelana,Winkler; Hülber; Hietz,Ann Bot-London,10.1093/aob/mcp188
,-96.95,19.516667,Epiphyte,Jacquiniella leucomelana,Winkler; Hülber; Hietz,Ann Bot-London,10.1093/aob/mcp188
,-96.95,19.516667,Epiphyte,Jacquiniella leucomelana,Winkler; Hülber; Hietz,Ann Bot-London,10.1093/aob/mcp188
,-96.95,19.516667,Epiphyte,Jacquiniella leucomelana,Winkler; Hülber; Hietz,Ann Bot-London,10.1093/aob/mcp188
,-96.95,19.516667,Epiphyte,Jacquiniella leucomelana,Winkler; Hülber; Hietz,Ann Bot-London,10.1093/aob/mcp188
,-96.95,19.516667,Epiphyte,Jacquiniella leucomelana,Winkler; Hülber; Hietz,Ann Bot-London,10.1093/aob/mcp188
,-96.95,19.516667,Epiphyte,Jacquiniella leucomelana,Winkler; Hülber; Hietz,Ann Bot-London,10.1093/aob/mcp188
,-96.95,19.516667,Epiphyte,Jacquiniella teretifolia,Winkler; Hülber; Hietz,Ann Bot-London,10.1093/aob/mcp188
,-96.95,19.516667,Epiphyte,Jacquiniella teretifolia,Winkler; Hülber; Hietz,Ann Bot-London,10.1093/aob/mcp188
,-96.95,19.516667,Epiphyte,Jacquiniella teretifolia,Winkler; Hülber; Hietz,Ann Bot-London,10.1093/aob/mcp188
,-96.95,19.516667,Epiphyte,Jacquiniella teretifolia,Winkler; Hülber; Hietz,Ann Bot-London,10.1093/aob/mcp188
,-96.95,19.516667,Epiphyte,Jacquiniella teretifolia,Winkler; Hülber; Hietz,Ann Bot-London,10.1093/aob/mcp188
,-96.95,19.516667,Epiphyte,Jacquiniella teretifolia,Winkler; Hülber; Hietz,Ann Bot-London,10.1093/aob/mcp188
,-96.95,19.516667,Epiphyte,Jacquiniella teretifolia,Winkler; Hülber; Hietz,Ann Bot-London,10.1093/aob/mcp188
,-96.95,19.516667,Epiphyte,Jacquiniella teretifolia,Winkler; Hülber; Hietz,Ann Bot-London,10.1093/aob/mcp188
,-65.783333,18.3,Epiphyte,Lepanthes eltoroensis,Tremblay; Ackerman,Biol J Linn Soc,10.1006/bijl.2000.0485
,-65.783333,18.3,Epiphyte,Lepanthes eltoroensis,Tremblay; Ackerman,Biol J Linn Soc,10.1006/bijl.2000.0485
,-65.783333,18.3,Epiphyte,Lepanthes eltoroensis,Tremblay; Ackerman,Biol J Linn Soc,10.1006/bijl.2000.0485
,-65.783333,18.3,Epiphyte,Lepanthes rubripetala,Tremblay; Ackerman,Biol J Linn Soc,10.1006/bijl.2000.0485
,-65.783333,18.3,Epiphyte,Lepanthes rubripetala,Tremblay; Ackerman,Biol J Linn Soc,10.1006/bijl.2000.0485
,-65.783333,18.3,Epiphyte,Lepanthes rubripetala,Tremblay; Ackerman,Biol J Linn Soc,10.1006/bijl.2000.0485
,-65.783333,18.3,Epiphyte,Lepanthes rubripetala,Tremblay; Ackerman,Biol J Linn Soc,10.1006/bijl.2000.0485
,-65.783333,18.3,Epiphyte,Lepanthes rubripetala,Tremblay; Ackerman,Biol J Linn Soc,10.1006/bijl.2000.0485
,-65.783333,18.3,Epiphyte,Lepanthes rubripetala,Tremblay; Ackerman,Biol J Linn Soc,10.1006/bijl.2000.0485
,-96.95,19.516667,Epiphyte,Lycaste aromatica,Winkler; Hülber; Hietz,Ann Bot-London,10.1093/aob/mcp188
,-96.95,19.516667,Epiphyte,Lycaste aromatica,Winkler; Hülber; Hietz,Ann Bot-London,10.1093/aob/mcp188
,-96.95,19.516667,Epiphyte,Lycaste aromatica,Winkler; Hülber; Hietz,Ann Bot-London,10.1093/aob/mcp188
,-96.95,19.516667,Epiphyte,Lycaste aromatica,Winkler; Hülber; Hietz,Ann Bot-London,10.1093/aob/mcp188
,-96.95,19.516667,Epiphyte,Lycaste aromatica,Winkler; Hülber; Hietz,Ann Bot-London,10.1093/aob/mcp188
,-96.95,19.516667,Epiphyte,Lycaste aromatica,Winkler; Hülber; Hietz,Ann Bot-London,10.1093/aob/mcp188
,-96.95,19.516667,Epiphyte,Lycaste aromatica,Winkler; Hülber; Hietz,Ann Bot-London,10.1093/aob/mcp188
,-96.95,19.516667,Epiphyte,Lycaste aromatica,Winkler; Hülber; Hietz,Ann Bot-London,10.1093/aob/mcp188
,-66.599444,18.451389,Epiphyte,Tolumnia variegata,Calvo,Ecology,10.2307/1940473
,-66.599444,18.451389,Epiphyte,Tolumnia variegata,Calvo,Ecology,10.2307/1940473
,-66.599444,18.451389,Epiphyte,Tolumnia variegata,Calvo,Ecology,10.2307/1940473
,-66.599444,18.451389,Epiphyte,Tolumnia variegata,Calvo,Ecology,10.2307/1940473
,NA,NA,Herbaceous perennial,Cleistesiopsis bifaria,Wells; Willems,NA,90-5103-068-1
,-82.283333,29.65,Herbaceous perennial,Cleistesiopsis bifaria,Wells; Willems,NA,90-5103-068-1
,-82.283333,29.65,Herbaceous perennial,Cleistesiopsis bifaria,Wells; Willems,NA,90-5103-068-1
,-82.283333,29.65,Herbaceous perennial,Cleistesiopsis bifaria,Wells; Willems,NA,90-5103-068-1
,-82.283333,29.65,Herbaceous perennial,Cleistesiopsis bifaria,Wells; Willems,NA,90-5103-068-1
,-82.283333,29.65,Herbaceous perennial,Cleistesiopsis bifaria,Wells; Willems,NA,90-5103-068-1
,-82.283333,29.65,Herbaceous perennial,Cleistesiopsis bifaria,Wells; Willems,NA,90-5103-068-1
,-82.283333,29.65,Herbaceous perennial,Cleistesiopsis bifaria,Wells; Willems,NA,90-5103-068-1
,-82.283333,29.65,Herbaceous perennial,Cleistesiopsis bifaria,Wells; Willems,NA,90-5103-068-1
,-82.283333,29.65,Herbaceous perennial,Cleistesiopsis bifaria,Wells; Willems,NA,90-5103-068-1
,-82.283333,29.65,Herbaceous perennial,Cleistesiopsis bifaria,Wells; Willems,NA,90-5103-068-1
,-79.932778,39.279167,Herbaceous perennial,Cleistesiopsis bifaria,Wells; Willems,NA,90-5103-068-1
,-79.932778,39.279167,Herbaceous perennial,Cleistesiopsis bifaria,Wells; Willems,NA,90-5103-068-1
,-79.932778,39.279167,Herbaceous perennial,Cleistesiopsis bifaria,Wells; Willems,NA,90-5103-068-1
,-79.932778,39.279167,Herbaceous perennial,Cleistesiopsis bifaria,Wells; Willems,NA,90-5103-068-1
,-79.932778,39.279167,Herbaceous perennial,Cleistesiopsis bifaria,Wells; Willems,NA,90-5103-068-1
,-79.932778,39.279167,Herbaceous perennial,Cleistesiopsis bifaria,Wells; Willems,NA,90-5103-068-1
,-78.3,34.083333,Herbaceous perennial,Cleistesiopsis divaricata,Wells; Willems,NA,90-5103-068-1
,-78.3,34.083333,Herbaceous perennial,Cleistesiopsis divaricata,Wells; Willems,NA,90-5103-068-1
,-78.3,34.083333,Herbaceous perennial,Cleistesiopsis divaricata,Wells; Willems,NA,90-5103-068-1
,-78.3,34.083333,Herbaceous perennial,Cleistesiopsis divaricata,Wells; Willems,NA,90-5103-068-1
,-78.3,34.083333,Herbaceous perennial,Cleistesiopsis divaricata,Wells; Willems,NA,90-5103-068-1
,-78.3,34.083333,Herbaceous perennial,Cleistesiopsis divaricata,Wells; Willems,NA,90-5103-068-1
,0.083333,42.633333,Herbaceous perennial,Corallorhiza trifida,Iriondo; Giménez-Benavides; Albert; Lozano; Escudero,NA,978-84-8014-746-0
,0.083333,42.633333,Herbaceous perennial,Corallorhiza trifida,Iriondo; Giménez-Benavides; Albert; Lozano; Escudero,NA,978-84-8014-746-0
,0.083333,42.633333,Herbaceous perennial,Corallorhiza trifida,Iriondo; Giménez-Benavides; Albert; Lozano; Escudero,NA,978-84-8014-746-0
,0.083333,42.633333,Herbaceous perennial,Corallorhiza trifida,Iriondo; Giménez-Benavides; Albert; Lozano; Escudero,NA,978-84-8014-746-0
,0.083333,42.633333,Herbaceous perennial,Corallorhiza trifida,Iriondo; Giménez-Benavides; Albert; Lozano; Escudero,NA,978-84-8014-746-0
,0.083333,42.633333,Herbaceous perennial,Corallorhiza trifida,Iriondo; Giménez-Benavides; Albert; Lozano; Escudero,NA,978-84-8014-746-0
,22.65,53.266667,Herbaceous perennial,Cypripedium calceolus,Nicolè; Brzosko; Till-Bottraud,J Ecol,10.1111/j.1365-2745.2005.01010.x
,22.65,53.266667,Herbaceous perennial,Cypripedium calceolus,Nicolè; Brzosko; Till-Bottraud,J Ecol,10.1111/j.1365-2745.2005.01010.x
,22.65,53.266667,Herbaceous perennial,Cypripedium calceolus,Nicolè; Brzosko; Till-Bottraud,J Ecol,10.1111/j.1365-2745.2005.01010.x
,22.65,53.266667,Herbaceous perennial,Cypripedium calceolus,Nicolè; Brzosko; Till-Bottraud,J Ecol,10.1111/j.1365-2745.2005.01010.x
,22.65,53.266667,Herbaceous perennial,Cypripedium calceolus,Nicolè; Brzosko; Till-Bottraud,J Ecol,10.1111/j.1365-2745.2005.01010.x
,22.65,53.266667,Herbaceous perennial,Cypripedium calceolus,Nicolè; Brzosko; Till-Bottraud,J Ecol,10.1111/j.1365-2745.2005.01010.x
,22.65,53.266667,Herbaceous perennial,Cypripedium calceolus,Nicolè; Brzosko; Till-Bottraud,J Ecol,10.1111/j.1365-2745.2005.01010.x
,22.65,53.266667,Herbaceous perennial,Cypripedium calceolus,Nicolè; Brzosko; Till-Bottraud,J Ecol,10.1111/j.1365-2745.2005.01010.x
,22.65,53.266667,Herbaceous perennial,Cypripedium calceolus,Nicolè; Brzosko; Till-Bottraud,J Ecol,10.1111/j.1365-2745.2005.01010.x
,22.65,53.266667,Herbaceous perennial,Cypripedium calceolus,Nicolè; Brzosko; Till-Bottraud,J Ecol,10.1111/j.1365-2745.2005.01010.x
,22.65,53.266667,Herbaceous perennial,Cypripedium calceolus,Nicolè; Brzosko; Till-Bottraud,J Ecol,10.1111/j.1365-2745.2005.01010.x
,22.65,53.266667,Herbaceous perennial,Cypripedium calceolus,Nicolè; Brzosko; Till-Bottraud,J Ecol,10.1111/j.1365-2745.2005.01010.x
,22.65,53.266667,Herbaceous perennial,Cypripedium calceolus,Nicolè; Brzosko; Till-Bottraud,J Ecol,10.1111/j.1365-2745.2005.01010.x
,22.65,53.266667,Herbaceous perennial,Cypripedium calceolus,Nicolè; Brzosko; Till-Bottraud,J Ecol,10.1111/j.1365-2745.2005.01010.x
,22.65,53.266667,Herbaceous perennial,Cypripedium calceolus,Nicolè; Brzosko; Till-Bottraud,J Ecol,10.1111/j.1365-2745.2005.01010.x
,22.65,53.266667,Herbaceous perennial,Cypripedium calceolus,Nicolè; Brzosko; Till-Bottraud,J Ecol,10.1111/j.1365-2745.2005.01010.x
,22.65,53.266667,Herbaceous perennial,Cypripedium calceolus,Nicolè; Brzosko; Till-Bottraud,J Ecol,10.1111/j.1365-2745.2005.01010.x
,22.65,53.266667,Herbaceous perennial,Cypripedium calceolus,Nicolè; Brzosko; Till-Bottraud,J Ecol,10.1111/j.1365-2745.2005.01010.x
,22.65,53.266667,Herbaceous perennial,Cypripedium calceolus,Nicolè; Brzosko; Till-Bottraud,J Ecol,10.1111/j.1365-2745.2005.01010.x
,22.65,53.266667,Herbaceous perennial,Cypripedium calceolus,Nicolè; Brzosko; Till-Bottraud,J Ecol,10.1111/j.1365-2745.2005.01010.x
,22.65,53.266667,Herbaceous perennial,Cypripedium calceolus,Nicolè; Brzosko; Till-Bottraud,J Ecol,10.1111/j.1365-2745.2005.01010.x
,22.65,53.266667,Herbaceous perennial,Cypripedium calceolus,Nicolè; Brzosko; Till-Bottraud,J Ecol,10.1111/j.1365-2745.2005.01010.x
,22.65,53.266667,Herbaceous perennial,Cypripedium calceolus,Nicolè; Brzosko; Till-Bottraud,J Ecol,10.1111/j.1365-2745.2005.01010.x
,22.65,53.266667,Herbaceous perennial,Cypripedium calceolus,Nicolè; Brzosko; Till-Bottraud,J Ecol,10.1111/j.1365-2745.2005.01010.x
,22.65,53.266667,Herbaceous perennial,Cypripedium calceolus,Nicolè; Brzosko; Till-Bottraud,J Ecol,10.1111/j.1365-2745.2005.01010.x
,22.65,53.266667,Herbaceous perennial,Cypripedium calceolus,Nicolè; Brzosko; Till-Bottraud,J Ecol,10.1111/j.1365-2745.2005.01010.x
,22.65,53.266667,Herbaceous perennial,Cypripedium calceolus,Nicolè; Brzosko; Till-Bottraud,J Ecol,10.1111/j.1365-2745.2005.01010.x
,22.65,53.266667,Herbaceous perennial,Cypripedium calceolus,Nicolè; Brzosko; Till-Bottraud,J Ecol,10.1111/j.1365-2745.2005.01010.x
,0.357778,42.769722,Herbaceous perennial,Cypripedium calceolus,García; Goñi; Guzman,Conserv Biol,10.1111/j.1523-1739.2010.01466.x
,0.357778,42.769722,Herbaceous perennial,Cypripedium calceolus,García; Goñi; Guzman,Conserv Biol,10.1111/j.1523-1739.2010.01466.x
,0.357778,42.769722,Herbaceous perennial,Cypripedium calceolus,García; Goñi; Guzman,Conserv Biol,10.1111/j.1523-1739.2010.01466.x
,0.357778,42.769722,Herbaceous perennial,Cypripedium calceolus,García; Goñi; Guzman,Conserv Biol,10.1111/j.1523-1739.2010.01466.x
,0.357778,42.769722,Herbaceous perennial,Cypripedium calceolus,García; Goñi; Guzman,Conserv Biol,10.1111/j.1523-1739.2010.01466.x
,0.357778,42.769722,Herbaceous perennial,Cypripedium calceolus,García; Goñi; Guzman,Conserv Biol,10.1111/j.1523-1739.2010.01466.x
,0.357778,42.769722,Herbaceous perennial,Cypripedium calceolus,García; Goñi; Guzman,Conserv Biol,10.1111/j.1523-1739.2010.01466.x
,0.357778,42.769722,Herbaceous perennial,Cypripedium calceolus,García; Goñi; Guzman,Conserv Biol,10.1111/j.1523-1739.2010.01466.x
,0.357778,42.769722,Herbaceous perennial,Cypripedium calceolus,García; Goñi; Guzman,Conserv Biol,10.1111/j.1523-1739.2010.01466.x
,0.357778,42.769722,Herbaceous perennial,Cypripedium calceolus,García; Goñi; Guzman,Conserv Biol,10.1111/j.1523-1739.2010.01466.x
,0.357778,42.769722,Herbaceous perennial,Cypripedium calceolus,García; Goñi; Guzman,Conserv Biol,10.1111/j.1523-1739.2010.01466.x
,0.357778,42.769722,Herbaceous perennial,Cypripedium calceolus,García; Goñi; Guzman,Conserv Biol,10.1111/j.1523-1739.2010.01466.x
,0.120278,42.659444,Herbaceous perennial,Cypripedium calceolus,García; Goñi; Guzman,Conserv Biol,10.1111/j.1523-1739.2010.01466.x
,0.120278,42.659444,Herbaceous perennial,Cypripedium calceolus,García; Goñi; Guzman,Conserv Biol,10.1111/j.1523-1739.2010.01466.x
,0.120278,42.659444,Herbaceous perennial,Cypripedium calceolus,García; Goñi; Guzman,Conserv Biol,10.1111/j.1523-1739.2010.01466.x
,0.120278,42.659444,Herbaceous perennial,Cypripedium calceolus,García; Goñi; Guzman,Conserv Biol,10.1111/j.1523-1739.2010.01466.x
,0.120278,42.659444,Herbaceous perennial,Cypripedium calceolus,García; Goñi; Guzman,Conserv Biol,10.1111/j.1523-1739.2010.01466.x
,NA,NA,Herbaceous perennial,Cypripedium fasciculatum,Thorpe; Stanley; Kayne; Latham,NA,NA
,-123.516667,42.333333,Herbaceous perennial,Cypripedium fasciculatum,Thorpe; Stanley; Kayne; Latham,NA,NA
,-123.516667,42.333333,Herbaceous perennial,Cypripedium fasciculatum,Thorpe; Stanley; Kayne; Latham,NA,NA
,-123.516667,42.333333,Herbaceous perennial,Cypripedium fasciculatum,Thorpe; Stanley; Kayne; Latham,NA,NA
,-123.516667,42.333333,Herbaceous perennial,Cypripedium fasciculatum,Thorpe; Stanley; Kayne; Latham,NA,NA
,-123.516667,42.333333,Herbaceous perennial,Cypripedium fasciculatum,Thorpe; Stanley; Kayne; Latham,NA,NA
,-123.516667,42.333333,Herbaceous perennial,Cypripedium fasciculatum,Thorpe; Stanley; Kayne; Latham,NA,NA
,-123.516667,42.333333,Herbaceous perennial,Cypripedium fasciculatum,Thorpe; Stanley; Kayne; Latham,NA,NA
,-123.516667,42.333333,Herbaceous perennial,Cypripedium fasciculatum,Thorpe; Stanley; Kayne; Latham,NA,NA
,-123.516667,42.333333,Herbaceous perennial,Cypripedium fasciculatum,Thorpe; Stanley; Kayne; Latham,NA,NA
,-123.166667,42.25,Herbaceous perennial,Cypripedium fasciculatum,Thorpe; Stanley; Kayne; Latham,NA,NA
,-123.166667,42.25,Herbaceous perennial,Cypripedium fasciculatum,Thorpe; Stanley; Kayne; Latham,NA,NA
,-123.166667,42.25,Herbaceous perennial,Cypripedium fasciculatum,Thorpe; Stanley; Kayne; Latham,NA,NA
,-123.166667,42.25,Herbaceous perennial,Cypripedium fasciculatum,Thorpe; Stanley; Kayne; Latham,NA,NA
,-123.166667,42.25,Herbaceous perennial,Cypripedium fasciculatum,Thorpe; Stanley; Kayne; Latham,NA,NA
,-123.166667,42.25,Herbaceous perennial,Cypripedium fasciculatum,Thorpe; Stanley; Kayne; Latham,NA,NA
,-123.166667,42.25,Herbaceous perennial,Cypripedium fasciculatum,Thorpe; Stanley; Kayne; Latham,NA,NA
,-123.166667,42.25,Herbaceous perennial,Cypripedium fasciculatum,Thorpe; Stanley; Kayne; Latham,NA,NA
,-123.166667,42.25,Herbaceous perennial,Cypripedium fasciculatum,Thorpe; Stanley; Kayne; Latham,NA,NA
,-122.45,42.333333,Herbaceous perennial,Cypripedium fasciculatum,Thorpe; Stanley; Kayne; Latham,NA,NA
,-122.45,42.333333,Herbaceous perennial,Cypripedium fasciculatum,Thorpe; Stanley; Kayne; Latham,NA,NA
,-122.45,42.333333,Herbaceous perennial,Cypripedium fasciculatum,Thorpe; Stanley; Kayne; Latham,NA,NA
,-122.45,42.333333,Herbaceous perennial,Cypripedium fasciculatum,Thorpe; Stanley; Kayne; Latham,NA,NA
,-122.45,42.333333,Herbaceous perennial,Cypripedium fasciculatum,Thorpe; Stanley; Kayne; Latham,NA,NA
,-122.45,42.333333,Herbaceous perennial,Cypripedium fasciculatum,Thorpe; Stanley; Kayne; Latham,NA,NA
,-122.45,42.333333,Herbaceous perennial,Cypripedium fasciculatum,Thorpe; Stanley; Kayne; Latham,NA,NA
,-122.45,42.333333,Herbaceous perennial,Cypripedium fasciculatum,Thorpe; Stanley; Kayne; Latham,NA,NA
,-122.45,42.333333,Herbaceous perennial,Cypripedium fasciculatum,Thorpe; Stanley; Kayne; Latham,NA,NA
,104.633333,23.116667,Herbaceous perennial,Cypripedium lentiginosum,Zhongjian; Wenhui; Liqiang; Yuting,Acta Ecol Sinica,10.1016/S1872-2032(08)60021-9
,NA,NA,Herbaceous perennial,Cypripedium parviflorum,Shefferson; Warren II; Pulliam,J Ecol,10.1111/1365-2745.12281
,NA,NA,Herbaceous perennial,Dactylorhiza lapponica,Sletvold; Øien; Moen,Biol Conserv,10.1016/j.biocon.2009.12.017
,11.833333,62.666667,Herbaceous perennial,Dactylorhiza lapponica,Sletvold; Øien; Moen,Biol Conserv,10.1016/j.biocon.2009.12.017
,9.083333,63.05,Herbaceous perennial,Dactylorhiza lapponica,Sletvold; Øien; Moen,Biol Conserv,10.1016/j.biocon.2009.12.017
,NA,NA,Herbaceous perennial,Dactylorhiza lapponica,Sletvold; Øien; Moen,Biol Conserv,10.1016/j.biocon.2009.12.017
,11.833333,62.666667,Herbaceous perennial,Dactylorhiza lapponica,Sletvold; Øien; Moen,Biol Conserv,10.1016/j.biocon.2009.12.017
,9.083333,63.05,Herbaceous perennial,Dactylorhiza lapponica,Sletvold; Øien; Moen,Biol Conserv,10.1016/j.biocon.2009.12.017
,9.083333,63.05,Herbaceous perennial,Dactylorhiza lapponica,Sletvold; Øien; Moen,Biol Conserv,10.1016/j.biocon.2009.12.017
,NA,NA,Herbaceous perennial,Dactylorhiza lapponica,Sletvold; Dahlgren; Øien; Moen; Ehrlén,Glob Change Biol,10.1111/gcb.12167
,29.316667,66.366667,Herbaceous perennial,Epipactis atrorubens,Jäkäläniemi; Crone; Närhi; Tuomi,Ecology,10.1890/10-1957.1
,29.316667,66.366667,Herbaceous perennial,Epipactis atrorubens,Jäkäläniemi; Crone; Närhi; Tuomi,Ecology,10.1890/10-1957.1
,0.583333,51.883333,Herbaceous perennial,Herminium monorchis,Wells; Rothery; Cox; Bamford,Bot J Linn Soc,10.1111/j.1095-8339.1998.tb02514.x
,0.583333,51.883333,Herbaceous perennial,Herminium monorchis,Wells; Rothery; Cox; Bamford,Bot J Linn Soc,10.1111/j.1095-8339.1998.tb02514.x
,11.593056,50.946111,Herbaceous perennial,Himantoglossum hircinum,Pfeifer; Wiegand; Heinrich; Jetschke,J Appl Ecol,10.1111/j.1365-2664.2006.01148.x
,-65.816667,18.35,Herbaceous perennial,Lepanthes rupestris,Tremblay; Ackerman,Biol J Linn Soc,10.1006/bijl.2000.0485
,-65.816667,18.35,Herbaceous perennial,Lepanthes rupestris,Tremblay; Ackerman,Biol J Linn Soc,10.1006/bijl.2000.0485
,-65.816667,18.35,Herbaceous perennial,Lepanthes rupestris,Tremblay; Ackerman,Biol J Linn Soc,10.1006/bijl.2000.0485
,-65.816667,18.316667,Herbaceous perennial,Lepanthes rupestris,Tremblay; Ackerman,Biol J Linn Soc,10.1006/bijl.2000.0485
,-65.816667,18.316667,Herbaceous perennial,Lepanthes rupestris,Tremblay; Ackerman,Biol J Linn Soc,10.1006/bijl.2000.0485
,-65.816667,18.316667,Herbaceous perennial,Lepanthes rupestris,Tremblay; Ackerman,Biol J Linn Soc,10.1006/bijl.2000.0485
,-65.816667,18.316667,Herbaceous perennial,Lepanthes rupestris,Tremblay; Ackerman,Biol J Linn Soc,10.1006/bijl.2000.0485
,-65.825,18.319167,Herbaceous perennial,Lepanthes rupestris,Tremblay; McCarthy,PLOS ONE,10.1371/journal.pone.0102859
,-65.825,18.319167,Herbaceous perennial,Lepanthes rupestris,Tremblay; McCarthy,PLOS ONE,10.1371/journal.pone.0102859
,-65.825,18.319167,Herbaceous perennial,Lepanthes rupestris,Tremblay; McCarthy,PLOS ONE,10.1371/journal.pone.0102859
,-65.819722,18.321389,Herbaceous perennial,Lepanthes rupestris,Tremblay; McCarthy,PLOS ONE,10.1371/journal.pone.0102859
,-65.819722,18.321389,Herbaceous perennial,Lepanthes rupestris,Tremblay; McCarthy,PLOS ONE,10.1371/journal.pone.0102859
,-65.819722,18.321389,Herbaceous perennial,Lepanthes rupestris,Tremblay; McCarthy,PLOS ONE,10.1371/journal.pone.0102859
,-65.819722,18.321389,Herbaceous perennial,Lepanthes rupestris,Tremblay; McCarthy,PLOS ONE,10.1371/journal.pone.0102859
,NA,NA,Herbaceous perennial,Neotinea ustulata,Shefferson; Tali,J Ecol,10.1111/j.1365-2745.2006.01195.x
,23.181111,58.556111,Herbaceous perennial,Neotinea ustulata,Shefferson; Tali,J Ecol,10.1111/j.1365-2745.2006.01195.x
,25.722778,59.255278,Herbaceous perennial,Neotinea ustulata,Shefferson; Tali,J Ecol,10.1111/j.1365-2745.2006.01195.x
,23.207222,58.628333,Herbaceous perennial,Neotinea ustulata,Shefferson; Tali,J Ecol,10.1111/j.1365-2745.2006.01195.x
,23.320278,58.646389,Herbaceous perennial,Neotinea ustulata,Shefferson; Tali,J Ecol,10.1111/j.1365-2745.2006.01195.x
,23.568056,58.614722,Herbaceous perennial,Neotinea ustulata,Shefferson; Tali,J Ecol,10.1111/j.1365-2745.2006.01195.x
,-0.050833,50.844444,Herbaceous perennial,Ophrys sphegodes,Wells; Willems,NA,90-5103-068-1
,-0.050833,50.844444,Herbaceous perennial,Ophrys sphegodes,Wells; Willems,NA,90-5103-068-1
,5.75,50.75,Herbaceous perennial,Orchis purpurea,Jacquemyns; Brys; Jongejans,Ecology,10.1890/08-2321.1
,5.75,50.75,Herbaceous perennial,Orchis purpurea,Jacquemyns; Brys; Jongejans,Ecology,10.1890/08-2321.1
,5.75,50.75,Herbaceous perennial,Orchis purpurea,Jacquemyns; Brys; Jongejans,Ecology,10.1890/08-2321.1
,5.75,50.75,Herbaceous perennial,Orchis purpurea,Jacquemyns; Brys; Jongejans,Ecology,10.1890/08-2321.1
,5.75,50.75,Herbaceous perennial,Orchis purpurea,Jacquemyns; Brys; Jongejans,Ecology,10.1890/08-2321.1
,5.75,50.75,Herbaceous perennial,Orchis purpurea,Jacquemyns; Brys; Jongejans,Ecology,10.1890/08-2321.1
,5.75,50.75,Herbaceous perennial,Orchis purpurea,Jacquemyns; Brys; Jongejans,Ecology,10.1890/08-2321.1
,5.75,50.75,Herbaceous perennial,Orchis purpurea,Jacquemyns; Brys; Jongejans,Ecology,10.1890/08-2321.1
,5.75,50.75,Herbaceous perennial,Orchis purpurea,Jacquemyns; Brys; Jongejans,Ecology,10.1890/08-2321.1
,5.75,50.75,Herbaceous perennial,Orchis purpurea,Jacquemyns; Brys; Jongejans,Ecology,10.1890/08-2321.1
,5.75,50.75,Herbaceous perennial,Orchis purpurea,Jacquemyns; Brys; Jongejans,Ecology,10.1890/08-2321.1
,5.75,50.75,Herbaceous perennial,Orchis purpurea,Jacquemyns; Brys; Jongejans,Ecology,10.1890/08-2321.1
,5.75,50.75,Herbaceous perennial,Orchis purpurea,Jacquemyns; Brys; Jongejans,Ecology,10.1890/08-2321.1
,5.75,50.75,Herbaceous perennial,Orchis purpurea,Jacquemyns; Brys; Jongejans,Ecology,10.1890/08-2321.1
,5.75,50.75,Herbaceous perennial,Orchis purpurea,Jacquemyns; Brys; Jongejans,Ecology,10.1890/08-2321.1
,5.75,50.75,Herbaceous perennial,Orchis purpurea,Jacquemyns; Brys; Jongejans,Ecology,10.1890/08-2321.1
,5.75,50.75,Herbaceous perennial,Orchis purpurea,Jacquemyns; Brys; Jongejans,Ecology,10.1890/08-2321.1
,5.75,50.75,Herbaceous perennial,Orchis purpurea,Jacquemyns; Brys; Jongejans,Ecology,10.1890/08-2321.1
,5.75,50.75,Herbaceous perennial,Orchis purpurea,Jacquemyns; Brys; Jongejans,Ecology,10.1890/08-2321.1
,5.75,50.75,Herbaceous perennial,Orchis purpurea,Jacquemyns; Brys; Jongejans,Ecology,10.1890/08-2321.1
,5.75,50.75,Herbaceous perennial,Orchis purpurea,Jacquemyns; Brys; Jongejans,Ecology,10.1890/08-2321.1
,5.75,50.75,Herbaceous perennial,Orchis purpurea,Jacquemyns; Brys; Jongejans,Ecology,10.1890/08-2321.1
,5.75,50.75,Herbaceous perennial,Orchis purpurea,Jacquemyns; Brys; Jongejans,Ecology,10.1890/08-2321.1
,5.75,50.75,Herbaceous perennial,Orchis purpurea,Jacquemyns; Brys; Jongejans,Ecology,10.1890/08-2321.1
,5.75,50.75,Herbaceous perennial,Orchis purpurea,Jacquemyns; Brys; Jongejans,Ecology,10.1890/08-2321.1
,5.75,50.75,Herbaceous perennial,Orchis purpurea,Jacquemyns; Brys; Jongejans,Ecology,10.1890/08-2321.1
,5.75,50.75,Herbaceous perennial,Orchis purpurea,Jacquemyns; Brys; Jongejans,Ecology,10.1890/08-2321.1
,5.75,50.75,Herbaceous perennial,Orchis purpurea,Jacquemyns; Brys; Jongejans,Ecology,10.1890/08-2321.1
,5.75,50.75,Herbaceous perennial,Orchis purpurea,Jacquemyns; Brys; Jongejans,Ecology,10.1890/08-2321.1
,5.75,50.75,Herbaceous perennial,Orchis purpurea,Jacquemyns; Brys; Jongejans,Ecology,10.1890/08-2321.1
,5.75,50.75,Herbaceous perennial,Orchis purpurea,Jacquemyns; Brys; Jongejans,Ecology,10.1890/08-2321.1
,5.75,50.75,Herbaceous perennial,Orchis purpurea,Jacquemyns; Brys; Jongejans,Ecology,10.1890/08-2321.1
,5.75,50.75,Herbaceous perennial,Orchis purpurea,Jacquemyns; Brys; Jongejans,Ecology,10.1890/08-2321.1
,5.75,50.75,Herbaceous perennial,Orchis purpurea,Jacquemyns; Brys; Jongejans,Ecology,10.1890/08-2321.1
,5.75,50.75,Herbaceous perennial,Orchis purpurea,Jacquemyns; Brys; Jongejans,Ecology,10.1890/08-2321.1
,5.75,50.75,Herbaceous perennial,Orchis purpurea,Jacquemyns; Brys; Jongejans,Ecology,10.1890/08-2321.1
,5.75,50.75,Herbaceous perennial,Orchis purpurea,Jacquemyns; Brys; Jongejans,Ecology,10.1890/08-2321.1
,5.75,50.75,Herbaceous perennial,Orchis purpurea,Jacquemyns; Brys; Jongejans,Ecology,10.1890/08-2321.1
,5.75,50.75,Herbaceous perennial,Orchis purpurea,Jacquemyns; Brys; Jongejans,Ecology,10.1890/08-2321.1
,5.75,50.75,Herbaceous perennial,Orchis purpurea,Jacquemyns; Brys; Jongejans,Ecology,10.1890/08-2321.1
,5.75,50.75,Herbaceous perennial,Orchis purpurea,Jacquemyns; Brys; Jongejans,Ecology,10.1890/08-2321.1
,5.75,50.75,Herbaceous perennial,Orchis purpurea,Jacquemyns; Brys; Jongejans,Ecology,10.1890/08-2321.1
,5.75,50.75,Herbaceous perennial,Orchis purpurea,Jacquemyns; Brys; Jongejans,Ecology,10.1890/08-2321.1
,-75.85,45.483333,Herbaceous perennial,Platanthera hookeri,Reddoch; Reddoch,J Torrey Bot Soc,10.3159/1095-5674(2007)134[369:PEOPHO]2.0.CO;2
,-75.85,45.483333,Herbaceous perennial,Platanthera hookeri,Reddoch; Reddoch,J Torrey Bot Soc,10.3159/1095-5674(2007)134[369:PEOPHO]2.0.CO;2
,-75.85,45.483333,Herbaceous perennial,Platanthera hookeri,Reddoch; Reddoch,J Torrey Bot Soc,10.3159/1095-5674(2007)134[369:PEOPHO]2.0.CO;2
,-75.85,45.483333,Herbaceous perennial,Platanthera hookeri,Reddoch; Reddoch,J Torrey Bot Soc,10.3159/1095-5674(2007)134[369:PEOPHO]2.0.CO;2
,29.319444,66.374722,Herbaceous perennial,Epipactis atrorubens,Hens; Pakanen; Jäkäläniemi; Tuomi; Kvist,Biol Conserv,10.1016/j.biocon.2017.04.019
,29.319444,66.374722,Herbaceous perennial,Epipactis atrorubens,Hens; Pakanen; Jäkäläniemi; Tuomi; Kvist,Biol Conserv,10.1016/j.biocon.2017.04.019
,29.319444,66.374722,Herbaceous perennial,Epipactis atrorubens,Hens; Pakanen; Jäkäläniemi; Tuomi; Kvist,Biol Conserv,10.1016/j.biocon.2017.04.019
,29.319444,66.374722,Herbaceous perennial,Epipactis atrorubens,Hens; Pakanen; Jäkäläniemi; Tuomi; Kvist,Biol Conserv,10.1016/j.biocon.2017.04.019
,29.319444,66.374722,Herbaceous perennial,Epipactis atrorubens,Hens; Pakanen; Jäkäläniemi; Tuomi; Kvist,Biol Conserv,10.1016/j.biocon.2017.04.019
,29.319444,66.374722,Herbaceous perennial,Epipactis atrorubens,Hens; Pakanen; Jäkäläniemi; Tuomi; Kvist,Biol Conserv,10.1016/j.biocon.2017.04.019
,29.319444,66.374722,Herbaceous perennial,Epipactis atrorubens,Hens; Pakanen; Jäkäläniemi; Tuomi; Kvist,Biol Conserv,10.1016/j.biocon.2017.04.019
,29.319444,66.374722,Herbaceous perennial,Epipactis atrorubens,Hens; Pakanen; Jäkäläniemi; Tuomi; Kvist,Biol Conserv,10.1016/j.biocon.2017.04.019
,29.319444,66.374722,Herbaceous perennial,Epipactis atrorubens,Hens; Pakanen; Jäkäläniemi; Tuomi; Kvist,Biol Conserv,10.1016/j.biocon.2017.04.019
,29.319444,66.374722,Herbaceous perennial,Epipactis atrorubens,Hens; Pakanen; Jäkäläniemi; Tuomi; Kvist,Biol Conserv,10.1016/j.biocon.2017.04.019
,29.319444,66.374722,Herbaceous perennial,Epipactis atrorubens,Hens; Pakanen; Jäkäläniemi; Tuomi; Kvist,Biol Conserv,10.1016/j.biocon.2017.04.019
,29.319444,66.374722,Herbaceous perennial,Epipactis atrorubens,Hens; Pakanen; Jäkäläniemi; Tuomi; Kvist,Biol Conserv,10.1016/j.biocon.2017.04.019
,29.319444,66.374722,Herbaceous perennial,Epipactis atrorubens,Hens; Pakanen; Jäkäläniemi; Tuomi; Kvist,Biol Conserv,10.1016/j.biocon.2017.04.019
,29.319444,66.374722,Herbaceous perennial,Epipactis atrorubens,Hens; Pakanen; Jäkäläniemi; Tuomi; Kvist,Biol Conserv,10.1016/j.biocon.2017.04.019
,29.319444,66.374722,Herbaceous perennial,Epipactis atrorubens,Hens; Pakanen; Jäkäläniemi; Tuomi; Kvist,Biol Conserv,10.1016/j.biocon.2017.04.019
,29.322778,66.366944,Herbaceous perennial,Epipactis atrorubens,Hens; Pakanen; Jäkäläniemi; Tuomi; Kvist,Biol Conserv,10.1016/j.biocon.2017.04.019
,29.322778,66.366944,Herbaceous perennial,Epipactis atrorubens,Hens; Pakanen; Jäkäläniemi; Tuomi; Kvist,Biol Conserv,10.1016/j.biocon.2017.04.019
,29.313889,66.367222,Herbaceous perennial,Epipactis atrorubens,Hens; Pakanen; Jäkäläniemi; Tuomi; Kvist,Biol Conserv,10.1016/j.biocon.2017.04.019
,29.313889,66.367222,Herbaceous perennial,Epipactis atrorubens,Hens; Pakanen; Jäkäläniemi; Tuomi; Kvist,Biol Conserv,10.1016/j.biocon.2017.04.019
,29.313889,66.367222,Herbaceous perennial,Epipactis atrorubens,Hens; Pakanen; Jäkäläniemi; Tuomi; Kvist,Biol Conserv,10.1016/j.biocon.2017.04.019
,29.313889,66.367222,Herbaceous perennial,Epipactis atrorubens,Hens; Pakanen; Jäkäläniemi; Tuomi; Kvist,Biol Conserv,10.1016/j.biocon.2017.04.019
,29.313889,66.367222,Herbaceous perennial,Epipactis atrorubens,Hens; Pakanen; Jäkäläniemi; Tuomi; Kvist,Biol Conserv,10.1016/j.biocon.2017.04.019
,29.3175,66.366389,Herbaceous perennial,Epipactis atrorubens,Hens; Pakanen; Jäkäläniemi; Tuomi; Kvist,Biol Conserv,10.1016/j.biocon.2017.04.019
,29.3175,66.366389,Herbaceous perennial,Epipactis atrorubens,Hens; Pakanen; Jäkäläniemi; Tuomi; Kvist,Biol Conserv,10.1016/j.biocon.2017.04.019
,29.327222,66.3675,Herbaceous perennial,Epipactis atrorubens,Hens; Pakanen; Jäkäläniemi; Tuomi; Kvist,Biol Conserv,10.1016/j.biocon.2017.04.019
,29.327222,66.3675,Herbaceous perennial,Epipactis atrorubens,Hens; Pakanen; Jäkäläniemi; Tuomi; Kvist,Biol Conserv,10.1016/j.biocon.2017.04.019
,29.336944,66.373889,Herbaceous perennial,Epipactis atrorubens,Hens; Pakanen; Jäkäläniemi; Tuomi; Kvist,Biol Conserv,10.1016/j.biocon.2017.04.019
,29.336944,66.373889,Herbaceous perennial,Epipactis atrorubens,Hens; Pakanen; Jäkäläniemi; Tuomi; Kvist,Biol Conserv,10.1016/j.biocon.2017.04.019
,29.267778,66.389444,Herbaceous perennial,Epipactis atrorubens,Hens; Pakanen; Jäkäläniemi; Tuomi; Kvist,Biol Conserv,10.1016/j.biocon.2017.04.019
,29.267778,66.389444,Herbaceous perennial,Epipactis atrorubens,Hens; Pakanen; Jäkäläniemi; Tuomi; Kvist,Biol Conserv,10.1016/j.biocon.2017.04.019
,29.267778,66.389444,Herbaceous perennial,Epipactis atrorubens,Hens; Pakanen; Jäkäläniemi; Tuomi; Kvist,Biol Conserv,10.1016/j.biocon.2017.04.019
,29.267778,66.389444,Herbaceous perennial,Epipactis atrorubens,Hens; Pakanen; Jäkäläniemi; Tuomi; Kvist,Biol Conserv,10.1016/j.biocon.2017.04.019
,29.267778,66.389444,Herbaceous perennial,Epipactis atrorubens,Hens; Pakanen; Jäkäläniemi; Tuomi; Kvist,Biol Conserv,10.1016/j.biocon.2017.04.019
,29.267778,66.389444,Herbaceous perennial,Epipactis atrorubens,Hens; Pakanen; Jäkäläniemi; Tuomi; Kvist,Biol Conserv,10.1016/j.biocon.2017.04.019
,29.267778,66.389444,Herbaceous perennial,Epipactis atrorubens,Hens; Pakanen; Jäkäläniemi; Tuomi; Kvist,Biol Conserv,10.1016/j.biocon.2017.04.019
,29.267778,66.389444,Herbaceous perennial,Epipactis atrorubens,Hens; Pakanen; Jäkäläniemi; Tuomi; Kvist,Biol Conserv,10.1016/j.biocon.2017.04.019
,29.267778,66.389444,Herbaceous perennial,Epipactis atrorubens,Hens; Pakanen; Jäkäläniemi; Tuomi; Kvist,Biol Conserv,10.1016/j.biocon.2017.04.019
,29.267778,66.389444,Herbaceous perennial,Epipactis atrorubens,Hens; Pakanen; Jäkäläniemi; Tuomi; Kvist,Biol Conserv,10.1016/j.biocon.2017.04.019
,29.267778,66.389444,Herbaceous perennial,Epipactis atrorubens,Hens; Pakanen; Jäkäläniemi; Tuomi; Kvist,Biol Conserv,10.1016/j.biocon.2017.04.019
,29.267778,66.389444,Herbaceous perennial,Epipactis atrorubens,Hens; Pakanen; Jäkäläniemi; Tuomi; Kvist,Biol Conserv,10.1016/j.biocon.2017.04.019
,29.267778,66.389444,Herbaceous perennial,Epipactis atrorubens,Hens; Pakanen; Jäkäläniemi; Tuomi; Kvist,Biol Conserv,10.1016/j.biocon.2017.04.019
,-92.285139,14.989194,Herbaceous perennial,Oeceoclades maculata,Riverón-Giró; Raventós; Damon; García-González; Mújica,Biol Invasions,10.1007/s10530-019-01945-7
,-92.285139,14.989194,Herbaceous perennial,Oeceoclades maculata,Riverón-Giró; Raventós; Damon; García-González; Mújica,Biol Invasions,10.1007/s10530-019-01945-7
,-92.834083,15.566056,Herbaceous perennial,Oeceoclades maculata,Riverón-Giró; Raventós; Damon; García-González; Mújica,Biol Invasions,10.1007/s10530-019-01945-7
,-92.834083,15.566056,Herbaceous perennial,Oeceoclades maculata,Riverón-Giró; Raventós; Damon; García-González; Mújica,Biol Invasions,10.1007/s10530-019-01945-7
,-92.306389,14.894806,Herbaceous perennial,Oeceoclades maculata,Riverón-Giró; Raventós; Damon; García-González; Mújica,Biol Invasions,10.1007/s10530-019-01945-7
,-92.306389,14.894806,Herbaceous perennial,Oeceoclades maculata,Riverón-Giró; Raventós; Damon; García-González; Mújica,Biol Invasions,10.1007/s10530-019-01945-7
,-92.185778,14.794667,Herbaceous perennial,Oeceoclades maculata,Riverón-Giró; Raventós; Damon; García-González; Mújica,Biol Invasions,10.1007/s10530-019-01945-7
,-92.185778,14.794667,Herbaceous perennial,Oeceoclades maculata,Riverón-Giró; Raventós; Damon; García-González; Mújica,Biol Invasions,10.1007/s10530-019-01945-7
,-63.226111,17.621111,Epiphyte,Brassavola cucullata,Ackerman; Tremblay; Pérez; Madden; Bechtold; Boeken,Int J Plant Sci,NA
,-63.226111,17.621111,Epiphyte,Brassavola cucullata,Ackerman; Tremblay; Pérez; Madden; Bechtold; Boeken,Int J Plant Sci,NA
,-63.226111,17.621111,Epiphyte,Brassavola cucullata,Ackerman; Tremblay; Pérez; Madden; Bechtold; Boeken,Int J Plant Sci,NA
,-62.965556,17.472222,Epiphyte,Brassavola cucullata,Ackerman; Tremblay; Pérez; Madden; Bechtold; Boeken,Int J Plant Sci,NA
,-62.965556,17.472222,Epiphyte,Brassavola cucullata,Ackerman; Tremblay; Pérez; Madden; Bechtold; Boeken,Int J Plant Sci,NA
,-62.965556,17.472222,Epiphyte,Brassavola cucullata,Ackerman; Tremblay; Pérez; Madden; Bechtold; Boeken,Int J Plant Sci,NA
,-62.965556,17.472222,Epiphyte,Brassavola cucullata,Ackerman; Tremblay; Pérez; Madden; Bechtold; Boeken,Int J Plant Sci,NA
,-62.965556,17.633889,Epiphyte,Brassavola cucullata,Ackerman; Tremblay; Pérez; Madden; Bechtold; Boeken,Int J Plant Sci,NA
,-62.965556,17.633889,Epiphyte,Brassavola cucullata,Ackerman; Tremblay; Pérez; Madden; Bechtold; Boeken,Int J Plant Sci,NA
,-62.965556,17.633889,Epiphyte,Brassavola cucullata,Ackerman; Tremblay; Pérez; Madden; Bechtold; Boeken,Int J Plant Sci,NA
