Genus,Species,Subspecies,Leaf_Width_Low,Leaf_Width_High,Leaf_Width_One_Value,Flower_Stem_Low,Flowe_Stem_High,Flower_Stem_One_Value,Dorsal_Sepal_Low,Dorsal_Sepal_High,Dorsal_Sepal_Width_One_Value,Lip_Width_Low,Lip_Width_High,Lip_Width_One_Value,Lip_Lenght_Low,Lip_Lenght_High,Lip_Length_One_Value,Reference,NAT,NT,Qld,NSW,ACT,Vic,Tas,SA,WA,AUS_W,AUS_L,SA_ALL,References,,,
Arachnorchis,argocalla,,10,18,,300,600,,4,4.5,,NA,NA,,NA,NA,,,EN,,,,,,,EN,,,,EN,"Backhouse, G. (2007)",,NAT,National
Arachnorchis,audassi,,8,10,,150,200,,3,3.5,,7,9,,12,16,,,EN,,,,,TH,,EN,,,,EN,"Backhouse, G. (2007)",,NT,Northern Territory
Arachnorchis,behrii,,7,9,,300,600,,3,4,,12,14,,14,18,,,EN,,,,,,,EN,,,,EN,"Backhouse, G. (2007)",,Qld,Queensland
Arachnorchis,clavigera,,8,12,,200,400,,2.5,2.5,,8,10,,11,14,,,,,,,,,,EN,,,,EN,"Backhouse, G. (2007)",,NSW,New South Wales
Arachnorchis,colorata,,6,10,,50,300,,22.4,22.5,22.5,7,8,,10,14,,,EN,,,,,,,EN,,,,EN,"Backhouse, G. (2007)",,ACT,Australian Capital Territory
Arachnorchis,conferta,,15,20,,120,250,,2,2.5,,8,12,,9,12,,,,,,,,,,EN,,,,EN,"Backhouse, G. (2007)",,Vic,Victoria
Arachnorchis,gladiolata,,6,12,,40,150,,2,2.5,,8,9,,9,11,,,EN,,,,,,,EN,,,,EN,"Backhouse, G. (2007)",,Tas,Tasmania
Arachnorchis,macroclavia,,10,13,,150,300,,2,3,,14,18,,18,22,,,EN,,,,,,,EN,,,,EN,"Backhouse, G. (2007)",,Sa,South Australia
Arachnorchis,parva,,5,10,,50,150,,1.5,2,,10,12,,11,14,,,,,,,,,,EN,,,,EN,"Backhouse, G. (2007)",,WA,Western Australia
Arachnorchis,richardsiorum,,13,15,,200,400,,3,3.5,,10,12,,12,15,,,EN,,,,,,,EN,,,,EN,"Backhouse, G. (2007)",,,
Arachnorchis,rigida,,8,10,,150,300,,3,3.5,,9,11,,14,16,,,EN,,,,,,,EN,,,,EN,"Backhouse, G. (2007)",,TH,Threatened
Arachnorchis,xanthochila,,6,10,,250,320,,2.5,4,,7,9,,9,11,,,EN,,,,,TH,,EN,,,,EN,"Backhouse, G. (2007)",,RA,Rare
Corunastylis,morrisii,,NA,NA,,NA,NA,,2.4,2.5,2.5,1.3,1.4,1.4,3.9,4,4,,,,,,,,EN,EN,,,,EN,"Backhouse, G. (2007)",,EX,Extinct
Diuris,chryseopsis,,2,4,,100,300,,4,8,,NA,NA,,14,20,,,,,,,,,,EN,,,,EN,"Backhouse, G. (2007)",,VU,Vulnerable
Diuris,puncata,puncata,3,6,,300,600,,10,18,,NA,NA,,12,18,,,,,,,,TH,,EN,,,,EN,"Backhouse, G. (2007)",,CR,Critical
Genoplesium,baueri,,2,2.5,,NA,NA,,3.5,4,,1.4,1.5,1.5,3.9,4,4,,,,,,,,,EN,,,,EN,"Backhouse, G. (2007)",,,
Prasophyllum,fosteri,,3,7,,NA,NA,,3,3.5,,4.5,5,,5,6,,,EN,,,,,TH,,EN,,,,EN,"Backhouse, G. (2007)",,,
Prasophyllum,secutum,,5,6,,NA,NA,,2.5,2.8,,2.9,3,3,4.5,5.5,,,VU,,,,,,,EN,,,,EN,"Backhouse, G. (2007)",,,
Pterostylis,furcata,,10,20,,120,200,,NA,NA,,3,3.5,,18,22,,,,,,,,,,EN,,,,EN,"Backhouse, G. (2007)",,,
Acianthella,amplexicaulia,,15,25,,50,90,,0.4,0.5,0.5,1.9,2,2,2.4,2.5,2.5,,,,,,,,,,,,,No_status,,,,
Acianthella,sublesta,,5,20,,30,60,,0.4,0.5,0.5,1.9,2,2,2.9,3,3,,,,,,,,,,,,,No_status,,,,
Acianthus,apprimus,,14,35,,50,200,,4,6,,2.5,4,,5.5,7,,,,,,,,,,,,,,No_status,,,,
Acianthus,borealis,,15,35,,50,250,,3.5,4.5,,2.5,3,,5,6,,,,,,,,,,,,,,No_status,,,,
Acianthus,collinus,,14,30,,60,150,,4,5,,3,3.5,,5.5,6,,,,,,,,TH,,,,TH,TH,No_status,"Backhouse, G. (2007)",,,
Acianthus,exiguus,,15,20,,60,100,,2.9,3,3,1.9,2,2,3.5,4,,,,,,,,,,,,,,No_status,,,,
Acianthus,exsertus,,10,30,,100,300,,2.9,3,3,3.5,4,,5,6,,,,,,,,,,,,,,No_status,,,,
Acianthus,fornicatus,,10,20,,100,300,,5,6,,2.5,3.2,,5,6,,,,,,,,,,,,,,No_status,,,,
Acianthus,ledwardii,,4,20,,80,150,,4.9,5,5,3.9,4,4,4.9,5,5,,EX,,EX,,,,,,,EX,EX,No_status,"Backhouse, G. (2007)",,,
Acianthus,pusillus,,10,30,,30,180,,2,5,,2,3,,4,4.5,,,,,,,,,,,,,,No_status,,,,
Adelopetalum,argyropum,,4,6,,NA,NA,,1,1.3,,1.9,2,2,2.9,3,3,,,,,,,,,,,,,No_status,,,,
Adelopetalum,boonjee,,3,4,,NA,NA,,1,2,,0.7,0.8,0.8,2.4,2.5,2.5,,,,,,,,,,,,,No_status,,,,
Adelopetalum,bracteatum,,7,10,,NA,NA,,2,2.5,,0.9,1,1,1.9,2,2,,,,,,,,,,,,,No_status,,,,
Adelopetalum,elisae,,8,12,,NA,NA,,2.9,3,3,1.9,2,2,3.9,4,4,,,,,,,,,,,,,No_status,,,,
Adelopetalum,exiguum,,6,9,,NA,NA,,1,1.5,,0.9,1,1,3,4,,,,,,,,,,,,,,No_status,,,,
Adelopetalum,lageniforme,,5,8,,NA,NA,,2,3,,3.4,3.5,3.5,5.9,6,6,,,,,,,,,,,,,No_status,,,,
Adelopetalum,lilianiae,,6,8,,NA,NA,,2,3,,1.4,1.5,1.5,3.4,3.5,3.5,,,,,,,,,,,,,No_status,,,,
Adelopetalum,newportii,,8,12,,NA,NA,,2.5,3,,1.4,1.5,1.5,4.9,5,5,,,,,,,,,,,,,No_status,,,,
Adenochilus,nortonii,,10,16,,60,120,,7,8,,4,5,,5.5,6.5,,,,,,,,,,,,,,No_status,,,,
Anzybas,abditus,,7,12,,NA,NA,,5,6,,NA,NA,,9.9,10,10,,,,,,,,,,,,,No_status,,,,
Anzybas,fordhamii,,4,16,,NA,NA,,7,8,,NA,NA,,12,15,,,,,,,,,,,,,,No_status,,,,
Anzybas,montanus,,17,30,,NA,NA,,4.5,6,,NA,NA,,13.9,14,14,,,,,,,,,,,,,No_status,,,,
Anzybas,unguiculatus,,10,20,,NA,NA,,10,12,,NA,NA,,14.9,15,15,,,,,,,,,,,,,No_status,,,,
Arachnorchis,actensis,,6,8,,80,140,,2,2.5,,8,10,,9,12,,,CR,,,,EN,,,,,CR,EN,No_status,"Backhouse, G. (2007)",,,
Arachnorchis,aestiva,,7,10,,200,500,,3,3.5,,7,9,,12,16,,,,,,,,,,,,,,No_status,,,,
Arachnorchis,amnicola,,5,6,,200,350,,2,2.5,,13,17,,14,18,,,,,,,,,,,,,,No_status,,,,
Arachnorchis,amoena,,6,10,,60,100,,2,2.5,,8,11,,9,12,,,EN,,,,,TH,,,,,,No_status,"Backhouse, G. (2007)",,,
Arachnorchis,anthracina,,3,7,,100,200,,2,3,,7,9,,13,16,,,CR,,,,,,CR,,,,,No_status,"Backhouse, G. (2007)",,,
Arachnorchis,applanata,applanata,4,10,,250,500,,2.5,3.5,,11,15,,20,23,,,,,,,,,,,,,,No_status,,,,
Arachnorchis,arenaria,,8,13,,150,300,,2,3,,10,12,,15,18,,,EN,,,EN,,,,,,,,No_status,"Backhouse, G. (2007)",,,
Arachnorchis,arenicola,,5,12,,300,600,,2.5,3.5,,12,17,,18,28,,,,,,,,,,,,,,No_status,,,,
Arachnorchis,fragrantissima,,10,15,,200,400,,2,3,,8,10,,16,20,,,,,,,,TH,,RA,,,,RA,"Backhouse, G. (2007)",,,
Arachnorchis,necrophylla,,6,8,,100,200,,1.5,2.5,,14,18,,13,18,,,,,,,,,,RA,,,,RA,"Backhouse, G. (2007)",,,
Arachnorchis,valida,,10,25,,200,400,,3,3.5,,9,11,,12,15,,,,,,,,TH,,RA,,,,RA,"Backhouse, G. (2007)",,,
Calochilus,campestris,,10,15,,300,600,,6,7,,5,6,,14,16,,,,,,,,,,RA,,,,RA,"Backhouse, G. (2007)",,,
Diuris,behrii,,3,6,,200,500,,7,11,,NA,NA,,18,28,,,,,,,,,,RA,,,,RA,"Backhouse, G. (2007)",,,
Diuris,brevifolia,,3,4,,150,400,,6,7,,NA,NA,,12,15,,,,,,,,,,RA,,,,RA,"Backhouse, G. (2007)",,,
Diuris,sulphurea,,3,4,,200,500,,9,13,,NA,NA,,10,15,,,,,,,,,,RA,,,,RA,"Backhouse, G. (2007)",,,
Microtis,globula,,3,4,,NA,NA,,1.9,2,2,0.9,1,1,1.9,2,2,,,,,,,,,RA,RA,,,RA,"Backhouse, G. (2007)",,,
Prasophyllum,apoxychilum,,3,6,,NA,NA,,3,3.5,,3.5,4,,8.5,10,,,,,,,,,,RA,,,,RA,"Backhouse, G. (2007)",,,
Prasophyllum,colemaniae,,4,6,,NA,NA,,3.9,4,4,4.4,4.5,4.5,7.9,8,8,,,,,,,,,RA,,,,RA,"Backhouse, G. (2007)",,,
Prasophyllum,favonium,,4,7,,NA,NA,,2.5,3,,3,3.5,,4.5,5.5,,,,,,,,,,RA,,,,RA,"Backhouse, G. (2007)",,,
Prasophyllum,fuscum,,4,6,,NA,NA,,3,3.5,,4.5,5,,8,9,,,,,,,,,,RA,,,,RA,"Backhouse, G. (2007)",,,
Prasophyllum,niphopedium,,3,5,,NA,NA,,4.5,5,,4,4.5,,5,6,,,,,,,,,,RA,,,,RA,"Backhouse, G. (2007)",,,
Pterostylis,curta,,10,30,,100,300,,NA,NA,,4,5,,17,22,,,,,,,,,,RA,,,,RA,"Backhouse, G. (2007)",,,
Pterostylis,foliata,,10,16,,120,300,,NA,NA,,2,3,,12,15,,,,,,,,,,RA,,,,RA,"Backhouse, G. (2007)",,,
Arachnorchis,brumalis,,9,11,,120,300,,3,4,,3.5,4,,10,12,,,VU,,,,,,,VU,,,,VU,"Backhouse, G. (2007)",,,
Arachnorchis,calcicola,,10,15,,150,250,,1.5,3,,7,10,,10,13,,,VU,,,,,TH,,VU,,,,VU,"Backhouse, G. (2007)",,,
Arachnorchis,formosa,,9,12,,300,600,,2,3.5,,9,11,,16,20,,,VU,,,,,TH,,VU,,,,VU,"Backhouse, G. (2007)",,,
Arachnorchis,ovata,,5,8,,100,300,,1.5,1.5,,6,7,,9,11,,,VU,,,,,,,VU,,,,VU,"Backhouse, G. (2007)",,,
Arachnorchis,venusta,,8,12,,200,600,,2,3.5,,10,15,,16,25,,,,,,,,,,VU,,,,VU,"Backhouse, G. (2007)",,,
Arachnorchis,versicolor,,6,8,,150,250,,2,3,,7,9,,12,16,,,VU,,,,,TH,,VU,,,,VU,"Backhouse, G. (2007)",,,
Arachnorchis,woolcockiorum,,10,13,,200,350,,3,5,,8.5,9.5,,16,18,,,VU,,,,,,,VU,,,,VU,"Backhouse, G. (2007)",,,
Caleana,major,,6,8,,200,400,,NA,NA,,5,6,,6.5,8,,,,,,,,,,VU,,,,VU,"Backhouse, G. (2007)",,,
Calochilus,paludosus,,4,7,,150,350,,6,8,,7,9,,22,28,,,,,,,,,,VU,,,,VU,"Backhouse, G. (2007)",,,
Corunastylis,ciliata,,NA,NA,,NA,NA,,2.3,2.4,2.4,1.9,2,2,3.4,3.5,3.5,,,,,,,,,VU,,,,VU,,,,
Cryptostylis,subulata,,25,30,,500,800,,2,3,,10,14,,25,30,,,,,,,,,,VU,,,,VU,"Backhouse, G. (2007)",,,
Prasophyllum,bagoensis,,3,4,,NA,NA,,3,3.5,,4,4.5,,5.5,6,,,,,,,,,,VU,,,,VU,"Backhouse, G. (2007)",,,
Prasophyllum,olidum,,5,7,,NA,NA,,3,4,,3,4,,6,8,,,VU,,,,,,,VU,,,,VU,"Backhouse, G. (2007)",,,
Prasophyllum,petilum,,3,6,,NA,NA,,2.9,3,3,2.4,2.5,2.5,4,5,,,,,,,,,,VU,,,,VU,"Backhouse, G. (2007)",,,
Pterostylis,cullata,cullata,15,30,,50,120,,NA,NA,,3.5,4.5,,14,17,,,VU,,,VU,,TH,EN,VU,,,,VU,"Backhouse, G. (2007)",,,
Arachnorchis,arrecta,,6,20,,120,350,,2,3,,7,12,,12,16,,,,,,,,,,,,,,No_status,,,,
Arachnorchis,atroclavia,,5,10,,250,350,,1.9,2,2,8,10,,13,15,,,EN,,EN,,,,,,,,,No_status,"Backhouse, G. (2007)",,,
Arachnorchis,attingens,attingens,5,12,,170,450,,3,6,,15,24,,12,20,,,,,,,,,,,,,,No_status,,,,
Arachnorchis,aurulenta,,5,11,,100,200,,1.6,2,,13,14.5,,14,16,,,,,,,,,,,,,,No_status,,,,
Arachnorchis,australis,,6,10,,120,300,,3,4,,8,10,,11,14,,,,,,,,,EN,,,,,No_status,"Backhouse, G. (2007)",,,
Arachnorchis,brachyscapa,,3,6,,30,150,,1,2,,7,10,,10,13,,,EX,,,,,TH,EN,,,,,No_status,"Backhouse, G. (2007)",,,
Arachnorchis,brownii,,5,10,,300,600,,2.5,3,,11,16,,15,27,,,,,,,,,,,,,,No_status,,,,
Arachnorchis,bryceana,bryceana,5,12,,30,100,,1.5,2,,1.5,2,,5,6,,,EN,,,,,,,,RA,,,No_status,"Backhouse, G. (2007)",,,
Arachnorchis,busselliana,,5,10,,200,300,,3,4,,10,12,,15,20,,,EN,,,,,,,,RA,,,No_status,"Backhouse, G. (2007)",,,
Arachnorchis,callitrophila,,4,12,,200,350,,1.5,2,,7,9,,12,15,,,,,,,,,,,,,,No_status,,,,
Arachnorchis,cardiochila,,3,5,,100,300,,2.9,3,,8,9,,9,11,,,,,,,,,EX,,,,,No_status,"Backhouse, G. (2007)",,,
Arachnorchis,caudata,,7,10,,80,150,,2.4,2.5,2.5,8,10,,15,18,,,VU,,,,,,RA,,,,,No_status,"Backhouse, G. (2007)",,,
Arachnorchis,christineae,,4,12,,250,400,,2,4,,2.5,3,,15,18,,,VU,,,,,,,,RA,,,No_status,"Backhouse, G. (2007)",,,
Arachnorchis,citrina,,5,15,,250,450,,3,4,,10,14,,18,23,,,,,,,,,,,,,,No_status,,,,
Arachnorchis,clavula,,15,20,,100,200,,3,4,,13,16.5,,13,16,,,,,,,,,,,,,,No_status,,,,
Arachnorchis,concinna,,15,20,,100,300,,2,4,,11,13,,10,12,,,,,,,,,,,,,,No_status,,,,
Arachnorchis,concolor,,8,10,,150,250,,2.5,3,,8,9,,11,13,,,VU,,,EN,,TH,,,,,,No_status,"Backhouse, G. (2007)",,,
Arachnorchis,corynephora,,10,15,,250,450,,3,5,,8,10,,13,17,,,,,,,,,,,,,,No_status,,,,
Arachnorchis,crebra,,6,10,,250,500,,3,5,,10,12,,12,15,,,,,,,,,,,,,,No_status,,,,
Arachnorchis,cruciformis,,4,6,,150,250,,1.5,2,,5,6,,11,13,,,,,,,,TH,,,,,,No_status,"Backhouse, G. (2007)",,,
Arachnorchis,cruscula,,4,6,,180,250,,2,2.5,,7,11,,12,15,,,,,,,,,,,,,,No_status,,,,
Arachnorchis,decora,,6,10,,250,500,,3,6,,13,20,,20,28,,,,,,,,,,,,,,No_status,,,,
Arachnorchis,dienema,,3,7,,50,160,,3,3.5,,7,11,,13,20,,,CR,,,,,,VU,,,,,No_status,"Backhouse, G. (2007)",,,
Arachnorchis,dilatata,,6,8,,200,350,,2,2.5,,13,17,,13,17,,,,,,,,,,,,,,No_status,,,,
Arachnorchis,discoidea,,8,12,,100,450,,2,4.5,,16,22,,10,13,,,,,,,,,,,,,,No_status,,,,
Arachnorchis,drummondii,,12,15,,60,100,,1,1.5,,5,6,,8,10,,,,,,,,,,,,,,No_status,,,,
Arachnorchis,echidnachila,,6,8,,250,400,,3,3,,6,9,,13,19,,,,,,,,,,,,,,No_status,,,,
Arachnorchis,ensata,,10,20,,200,400,,2,2.5,,8,10,,12,14,,,,,,,,,,,,,,No_status,,,,
Arachnorchis,ensigera,,4,14,,140,350,,3.5,4,,8,11,,13,16,,,,,,,,,,,,,,No_status,,,,
Arachnorchis,excelsa,,6,12,,450,900,,3,5,,12,17,,25,35,,,EN,,,,,,,,RA,,,No_status,"Backhouse, G. (2007)",,,
Arachnorchis,exstans,,4,6,,200,450,,2.5,3,,14,15,,11,13,,,,,,,,,,,,,,No_status,,,,
Arachnorchis,falcata,,5,15,,200,400,,3,4,,20,30,,15,24,,,,,,,,,,,,,,No_status,,,,
Arachnorchis,ferruginea,,4,15,,200,600,,2,2.5,,10,13,,15,20,,,,,,,,,,,,,,No_status,,,,
Arachnorchis,fitzgeraldii,,8,12,,120,250,,2,2.5,,8,11,,13,17,,,,,,,,,,,,,,No_status,,,,
Arachnorchis,flavovirens,,10,20,,300,600,,4,4.5,,10,12,,15,23,,,,,,,,,,,,,,No_status,,,,
Arachnorchis,flindersica,,6,14,,150,350,,3,4,,8,11,,16,19,,,,,,,,,,,,,,No_status,,,,
Arachnorchis,fuliginosa,,5,10,,150,350,,3,4,,10,12,,16,20,,,,,,,,,,,,,,No_status,,,,
Arachnorchis,fulva,,6,8,,120,250,,3.5,4.5,,10,12,,15,18,,,EN,,,,,TH,,,,,,No_status,"Backhouse, G. (2007)",,,
Arachnorchis,gardneri,,5,15,,100,250,,3,3.5,,7,10,,17,25,,,,,,,,,,,,,,No_status,,,,
Arachnorchis,georgei,,5,12,,250,500,,2.5,3,,10,18,,12,25,,,,,,,,,,,,,,No_status,,,,
Arachnorchis,graminifolia,,4,6,,150,350,,2,3,,14,18,,10,14,,,,,,,,,,,,,,No_status,,,,
Arachnorchis,graniticola,,5,10,,150,300,,3,5,,6,9,,15,20,,,,,,,,,,,RA,,,No_status,"Backhouse, G. (2007)",,,
Arachnorchis,granitora,,6,8,,200,350,,2,2.5,,11,13,,18,22,,,,,,,,,,,,,,No_status,,,,
Arachnorchis,harringtoniae,,6,10,,200,400,,2,3,,7,12,,13,18,,,VU,,,,,,,,RA,,,No_status,"Backhouse, G. (2007)",,,
Arachnorchis,hastata,,2,10,,250,350,,3,4,,10,12,,14,16,,Wikipedia,EN,,,,,TH,,,,,,No_status,"Backhouse, G. (2007)",,,
Arachnorchis,helvina,,5,20,,200,500,,3,4,,8,10,,15,19,,,,,,,,,,,,,,No_status,,,,
Arachnorchis,herberleana,,5,15,,200,450,,2.5,3,,10,15,,17,26,,,,,,,,,,,,,,No_status,,,,
Arachnorchis,hirta,hirta,5,20,,100,600,,2.5,3,,5,8,,10,20,,,,,,,,,,,,,,No_status,,,,
Arachnorchis,hoffmanii,,5,10,,120,300,,3,3.5,,6,9,,12,14,,,EN,,,,,,,,RA,,,No_status,"Backhouse, G. (2007)",,,
Arachnorchis,huegelii,,7,12,,250,600,,2.5,4,,13,20,,23,30,,,EN,,,,,,,,RA,,,No_status,"Backhouse, G. (2007)",,,
Arachnorchis,infundibularis,,8,14,,250,450,,2,3,,11,16,,20,24,,,,,,,,,,,,,,No_status,,,,
Arachnorchis,insularis,,7,10,,300,400,,3,4,,7,9,,10,13,,,VU,,,,,TH,,,,,,No_status,"Backhouse, G. (2007)",,,
Arachnorchis,integra,,10,15,,200,500,,2,3,,15,20,,18,22,,,,,,,,,,,,,,No_status,,,,
Arachnorchis,interanea,,5,12,,160,650,,3,4,,17,20,,14,17,,,,,,,,,,,,,,No_status,,,,
Arachnorchis,interjacens,,5,15,,300,600,,3,4,,10,15,,20,25,,,,,,,,,,,,,,No_status,,,,
Arachnorchis,intuta,,5,11,,100,350,,2.5,3,,7,11,,13,16,,,,,,,,,,,,,,No_status,,,,
Arachnorchis,leptochila,leptochila,8,12,,200,450,,3.5,4,,5,7,,12,15,,,,,,,,,,,,,,No_status,,,,
Arachnorchis,leptoclavia,,8,12,,200,600,,3.5,4,,10,12,,16,19,,,,,,,,,,,,,,No_status,,,,
Arachnorchis,lindleyana,,3,5,,120,350,,2.5,3,,5.5,7,,8,12,,,CR,,,,,,EN,,,,,No_status,"Backhouse, G. (2007)",,,
Arachnorchis,lobata,,10,14,,300,500,,3,5,,30,35,,20,25,,,,,,,,,,,,,,No_status,,,,
Arachnorchis,lodgeana,,5,10,,200,400,,2,3,,11,15,,18,25,,,,,,,,,,,,,,No_status,,,,
Arachnorchis,longicauda,longicauda,5,15,,350,600,,2.9,3,3,10,15,,17,24,,,,,,,,,,,,,,No_status,,,,
Arachnorchis,longiclavata,,7,20,,200,350,,2,3.5,,7,14,,13,18,,,,,,,,,,,,,,No_status,,,,
Arachnorchis,longifimbriata,,6,12,,140,250,,2,3,,15,18,,10,15,,,,,,,,,,,,,,No_status,,,,
Arachnorchis,lorea,,7,10,,250,400,,1.5,4,,10,15,,17,27,,,,,,,,,,,,,,No_status,,,,
Arachnorchis,lowanensis,,8,12,,120,250,,2.4,2.5,2.5,6,8,,10,14,,,EN,,,,,TH,,,,,,No_status,"Backhouse, G. (2007)",,,
Arachnorchis,macrostylis,,6,10,,150,250,,3.5,4,,10,11,,11,13,,,,,,,,,,,,,,No_status,,,,
Arachnorchis,magniclavata,,10,15,,300,600,,2,3,,10,12,,12,14,,,,,,,,,,,,,,No_status,,,,
Arachnorchis,magnifica,,15,20,,200,300,,3,4,,16,20,,18,22,,,,,,,,TH,,,,,,No_status,"Backhouse, G. (2007)",,,
Arachnorchis,montana,,8,12,,100,250,,2,3,,7,9,,10,12,,,,,,,,,,,,,,No_status,,,,
Arachnorchis,nivalis,,4,15,,120,200,,3,4,,10,12,,18,25,,,,,,,,,,,,,,No_status,,,,
Arachnorchis,oenochila,,8,12,,200,400,,2,3,,9,11,,12,15,,,,,,,,,,,,,,No_status,,,,
Arachnorchis,orientalis,,10,15,,100,200,,2.5,3.5,,8,12,,18,22,,,EN,,,,,TH,,,,,,No_status,"Backhouse, G. (2007)",,,
Arachnorchis,pallida,,7,8,,150,400,,3,3.5,,5,6,,9,11,,,CR,,,,,,EN,,,,,No_status,"Backhouse, G. (2007)",,,
Arachnorchis,paludosa,,5,15,,300,500,,3,5,,8,16,,17,25,,,,,,,,,,,,,,No_status,,,,
Arachnorchis,patersonii,,10,15,,250,350,,2.5,3.5,,7,11,,12,20,,,,,,,,,VU,,,,,No_status,"Backhouse, G. (2007)",,,
Arachnorchis,pectinata,,15,20,,350,500,,2,5,,12,18,,18,25,,,,,,,,,,,,,,No_status,,,,
Arachnorchis,phaeoclavia,,5,10,,100,250,,1.5,2,,14,18,,15,17,,,,,,,,,,,,,,No_status,,,,
Arachnorchis,pholcoidea,pholcoidea,6,10,,300,600,,2.5,3,,8,10,,15,20,,,,,,,,,,,,,,No_status,,,,
Arachnorchis,pilotensis,,10,15,,200,300,,3.5,4,,8,11,,15,20,,,,,,,,TH,,,,,,No_status,"Backhouse, G. (2007)",,,
Arachnorchis,plicata,,6,12,,160,350,,1.9,2,2,9,11,,6,7.5,,,,,,,,,,,,,,No_status,,,,
Arachnorchis,procera,,6,10,,350,700,,4,5,,15,20,,22,30,,,,,,,,,,,RA,,,No_status,"Backhouse, G. (2007)",,,
Arachnorchis,pumila,,10,15,,100,150,,2,3,,17,8,,17,8,,,EX,,,,,TH,,,,,,No_status,"Backhouse, G. (2007)",,,
Arachnorchis,radiata,,7,10,,300,450,,2.5,4,,12,15,,12,15,,,,,,,,,,,,,,No_status,,,,
Arachnorchis,reticulata,,5,7,,100,300,,3,4,,6.5,7.5,,8,10.5,,,,,,,,,,,,,,No_status,,,,
Arachnorchis,rhomboidiformis,,15,20,,200,450,,2.5,3.5,,10,11,,14,16,,,,,,,,,,,,,,No_status,,,,
Arachnorchis,rileyi,,6,8,,80,250,,2,3,,18,20,,17,20,,,,,,,,,,,,,,No_status,,,,
Arachnorchis,robinsonii,,8,10,,200,300,,3,4,,7,11,,12,14,,,EN,,,,,TH,,,,,,No_status,"Backhouse, G. (2007)",,,
Arachnorchis,rosella,,5,8,,100,170,,2,3,,8,10,,10,14,,,EN,,,,,TH,,,,,,No_status,"Backhouse, G. (2007)",,,
Arachnorchis,saggicola,,4,8,,150,350,,2,3,,7,9,,13,18,,,CR,,,,,,EN,,,,,No_status,"Backhouse, G. (2007)",,,
Arachnorchis,saxatilis,,5,14,,200,350,,2.5,3,,8,11,,14,16,,,,,,,,,,,,,,No_status,,,,
Arachnorchis,septuosa,,7,10,,150,250,,2,2.5,,14,16,,14,16,,,,,,,,,,,,,,No_status,,,,
Arachnorchis,serotina,,5,20,,250,600,,3,6,,10,14,,16,30,,,,,,,,,,,,,,No_status,,,,
Arachnorchis,speciosa,,5,12,,350,600,,2.5,4,,8,16,,20,30,,,,,,,,,,,,,,No_status,,,,
Arachnorchis,splendens,,8,15,,300,800,,3,11,,15,22,,30,35,,,,,,,,,,,,,,No_status,,,,
Arachnorchis,starteorum,,7,10,,200,600,,2,3,,10,12,,19,25,,,,,,,,,,,,,,No_status,,,,
Arachnorchis,stellata,,5,10,,120,300,,1.5,2.5,,7,13,,12,18,,,,,,,,,,,,,,No_status,,,,
Arachnorchis,stricta,,10,15,,150,400,,2,3,,14,16,,15,17,,,,,,,,,,,,,,No_status,,,,
Arachnorchis,subtilis,,4,6,,150,220,,2,2.5,,8,9,,13,15,,,,,,,,,,,,,,No_status,,,,
Arachnorchis,tensa,,10,15,,200,300,,2,3,,NA,NA,,NA,NA,,*No tiene medida de labelo,EN,,,,,,,,,,,No_status,"Backhouse, G. (2007)",,,
Arachnorchis,tentaculata,,12,20,,150,500,,2.5,4,,20,25,,16,20,,,,,,,,,,,,,,No_status,,,,
Arachnorchis,tessellata,,4,9,,80,150,,2,3,,8,9,,8,9,,,VU,,,EN,,,,,,,,No_status,"Backhouse, G. (2007)",,,
Arachnorchis,thinicola,,6,7,,450,500,,2,2,,12,13,,15,16,,,,,,,,,,,,,,No_status,,,,
Arachnorchis,thysanochila,,8,10,,150,300,,3,4,,6,8,,9,13,,,EN,,,,,TH,,,,,,No_status,"Backhouse, G. (2007)",,,
Arachnorchis,toxochila,,10,15,,80,200,,2,4,,10,12,,10,12,,,,,,,,TH,,,,,,No_status,"Backhouse, G. (2007)",,,
Arachnorchis,uliginosa,uliginosa,6,10,,200,350,,2,2.5,,7,10,,14,22,,,,,,,,,,,,,,No_status,,,,
Arachnorchis,verrucosa,,6,10,,100,300,,2,3,,12,15,,11,14,,,,,,,,,,,,,,No_status,,,,
Arachnorchis,villosissima,,6,9,,100,230,,2.5,3.5,,13,16,,12,15,,,,,,,,,,,,,,No_status,,,,
Arachnorchis,viridescens,,5,8,,250,400,,2.5,3,,10,14,,17,22,,,EN,,,,,,,,RA,,,No_status,"Backhouse, G. (2007)",,,
Arachnorchis,williamsiae,,15,18,,150,200,,1,1.5,,3,4,,6,8,,,,,,,,,,,RA,,,No_status,"Backhouse, G. (2007)",,,
Arachnorchis,winfieldii,,6,8,,300,600,,2,4,,10,11,,15,23,,,EN,,,,,,,,RA,,,No_status,"Backhouse, G. (2007)",,,
Arthrochilus,apectus,,4,10,,180,260,,1.2,1.3,1.3,0.9,1,1,3.4,3.5,3.5,,,,,,,,,,,,,No_status,,,,
Arthrochilus,aquilus,,7,14,,200,350,,1,1.3,,0.9,1,1,5.9,6,6,,,,,,,,,,,,,No_status,,,,
Arthrochilus,corinnae,,3,7,,150,300,,2.3,2.4,2.4,0.7,0.8,,5.4,5.5,5.5,,,,,,,,,,,,,No_status,,,,
Arthrochilus,irritabilis,,8,14,,120,350,,1.9,2,2,0.9,1,1,4.9,5,5,,,,,,,,,,,,,No_status,,,,
Arthrochilus,latipes,,8,26,,100,300,,3,4,,1.4,1.5,1.5,7.4,7.5,7.5,,,,,,,,,,,,,No_status,,,,
Arthrochilus,oreophilus,,10,18,,80,200,,2,2.5,,0.9,1,1,5.9,6,6,,,,,,,,,,,,,No_status,,,,
Arthrochilus,prolixus,,7,15,,120,320,,1,1.5,,0.5,0.6,0.6,4.9,5,5,,,,,,,,,,,,,No_status,,,,
Arthrochilus,rosulatus,,8,12,,70,150,,1.9,2,2,0.7,0.8,0.8,4.9,5,5,,,,,,,,,,,,,No_status,,,,
Arthrochilus,sabulosus,,6,15,,120,370,,1.9,2,2,0.7,0.8,0.8,5.9,6,6,,,,,,,,,,,,,No_status,,,,
Arthrochilus,stenophyllus,,3,5,,60,250,,0.9,1,1,0.5,0.6,0.6,4.4,4.5,4.5,,,,,,,,,,,,,No_status,,,,
Australorchis,carrii,,7,10,,NA,NA,,1.4,1.5,1.5,5.9,6,6,13.9,14,14,,,,,,,,,,,,,No_status,,,,
Australorchis,eungellensis,,10,13,,NA,NA,,3.9,4,4,4.9,5,5,7.9,8,8,,,,,,,,,,,,,No_status,,,,
Australorchis,monophylla,,25,30,,NA,NA,,2.9,3,3,4.9,5,5,6.9,7,7,,,,,,,,,,,,,No_status,,,,
Australorchis,scheiderae,,7.9,8,9,NA,NA,,2.9,3,3,3.9,4,4,5.9,6,6,,,,,,,,,,,,,No_status,,,,
Bryobium,eriaeoides,,20,30,,NA,NA,,1.9,2,2,3.4,3.5,3.5,3.9,4,4,,,,,,,,,,,,,No_status,,,,
Bryobium,intermedium,,30,35,,NA,NA,,2.9,3,3,4.9,5,5,5.9,6,6,,,,,,,,,,,,,No_status,,,,
Bryobium,irukandjianum,,6,10,,NA,NA,,0.6,0.7,7,0.9,1,1,1.4,1.5,1.5,,,,RA,,,,,,,,,No_status,"Backhouse, G. (2007)",,,
Bryobium,queenslandicum,,16,20,,NA,NA,,1.3,1.4,1.4,1.4,1.5,1.5,1.9,2,2,,,,,,,,,,,,,No_status,,,,
Bryobium,retusum,,6,8,,NA,NA,,1.9,2,2,0.9,1,1,1.1,1.2,1.2,,,,,,,,,,,,,No_status,,,,
Bunochilus,barringtonensis,,4,8,,200,300,,NA,NA,,2.9,3,3,6,7,,,,,,,,,,,,,,No_status,,,,
Bunochilus,chlorogrammus,,3,5,,200,450,,NA,NA,,2.5,3,,6,7,,,,,,,,,,,,,,No_status,,,,
Bunochilus,chocolatinus,,4,7,,200,900,,NA,NA,,2.5,3,,5,7.5,,,,,,,,,,,,,,No_status,,,,
Bunochilus,crassus,,4,10,,150,400,,NA,NA,,3,4,,7,8,,,,,,,,,,,,,,No_status,,,,
Bunochilus,diminutus,,3,5,,80,400,,NA,NA,,4,6,,8,11,,,,,,,,,,,,,,No_status,,,,
Bunochilus,lineatus,,3,10,,150,400,,NA,NA,,3,3.5,,6,7,,,,,,,,,,,,,,No_status,,,,
Bunochilus,littoralis,,3,10,,100,250,,NA,NA,,1.5,2.5,,4.5,6,,,,,,,,,,,,,,No_status,,,,
Bunochilus,longifolius,,3,4,,150,400,,NA,NA,,2.5,3,,4.5,5,,,,,,,,,,,,,,No_status,,,,
Bunochilus,macilentus,,3,7,,150,350,,NA,NA,,2,2.5,,5.5,7,,,,,,,,,,,,,,No_status,,,,
Bunochilus,macrosepalus,,3,10,,150,600,,NA,NA,,2.5,3,,7,8,,,,,,,,,,,,,,No_status,,,,
Bunochilus,melagrammus,,4,11,,100,800,,NA,NA,,2.4,2.5,2.5,5,6.5,,,,,,,,,,,,,,No_status,,,,
Bunochilus,parcus,,3,5,,150,450,,NA,NA,,1.5,2,,3.5,4,,,,,,,,,,,,,,No_status,,,,
Bunochilus,prasinus,,4,7,,70,500,,NA,NA,,1.5,2.3,,4.5,6.5,,,,,,,,,,,,,,No_status,,,,
Bunochilus,smaragdynus,,4,8,,150,400,,NA,NA,,3.5,4,,7,8,,,,,,,,,,,,,,No_status,,,,
Bunochilus,stenochilus,,6,8,,120,300,,NA,NA,,2.4,2.5,2.5,6,7,,,,,,,,,,,,,,No_status,,,,
Bunochilus,stenosepalus,,5,9,,100,350,,NA,NA,,2.9,3,3,7,8,,,,,,,,,,,,,,No_status,,,,
Bunochilus,tenius,,3,8,,120,300,,NA,NA,,2,3,,6,7.5,,,,,,,,,,,,,,No_status,,,,
Bunochilus,tunstallii,,3,6,,200,500,,NA,NA,,1.5,2,,4.5,5.5,,,,,,,,,,,,,,No_status,,,,
Bunochilus,vitreus,,3,5,,150,400,,NA,NA,,2.3,2.8,,5,7,,,,,,,,,,,,,,No_status,,,,
Bunochilus,williamsonii,,3,8,,100,300,,NA,NA,,2.9,3,3,4,5,,,,,,,,,,,,,,No_status,,,,
Caladenia,flava,flava,10,15,,100,250,,7,10,,10,13,,10,15,,Jones 2006,,,,,,,,,,,,No_status,,,,
Caladenia,latifolia,,15,25,,100,400,,3,4,,6,9,,5,8,,Jones 2006,,,,,,,,,,,,No_status,,,,
Caladenia,marginata,,10,15,,100,200,,2.5,3.5,,6,7.5,,6,7.5,,Jones2006,,,,,,,,,,,,No_status,,,,
Caladenia,nana,,5,10,,50,150,,3,5,,6,7,,5,6,,,,,,,,,,,,,,No_status,,,,
Caladenia,reptans,reptans,6,8,,50,150,,4,6,,7,8,,6,7,,,,,,,,,,,,,,No_status,,,,
Caladenia,unita,,8,12,,150,400,,5,7,,8,12,,8,12,,,,,,,,,,,,,,No_status,,,,
Calochilus,ammobius,,3,5,,300,500,,4,4.5,,4,4.5,,9,9.5,,,,,,,,,,,,,,No_status,,,,
Calochilus,caeruleus,,6,8,,500,800,,5,6,,7,12,,14,16,,,,VU,,,,,,,,,,No_status,"Backhouse, G. (2007)",,,
Calochilus,caesius,,3,5,,200,400,,3,4,,3.5,5.5,,12,13,,,,,,,,,,,,,,No_status,,,,
Calochilus,cleistanthus,,NA,NA,,150,400,,4.9,5,5,2.3,2.4,2.4,5.9,6,6,,,,,,,,,,,,,No_status,,,,
Calochilus,gracillimus,,6,8,,300,450,,6,8,,5,6,,30,34,,,,,,,,,,,,,,No_status,,,,
Calochilus,grandiflorus,,5,8,,300,600,,9,12,,8,10,,35,40,,,,,,,,,,,,,,No_status,,,,
Calochilus,herbaceus,,6,12,,150,400,,6,8,,6,8,,10,14,,,,,,,,,,,,,,No_status,,,,
Calochilus,holtzei,,10,20,,500,900,,5,7,,9,12,,14,17,,,,,,,,,,,,,,No_status,,,,
Calochilus,imperiosus,,15,22,,400,700,,8,8.5,,8.5,9.5,,20,22,,,,,,,,,,,,,,No_status,,,,
Calochilus,metallicus,,3,4,,200,300,,5,5.5,,4.5,5,,12,14,,,,,,,,,,,,,,No_status,,,,
Calochilus,montanus,,7,15,,400,900,,4,6,,5,6,,11,15,,,,,,,,,,,,,,No_status,,,,
Calochilus,praeltus,,4,8,,280,500,,8,9,,6.5,7,,22,24,,,,,,,,,,,,,,No_status,,,,
Calochilus,pruinosus,,12,18,,150,500,,4,5.5,,5.5,6.5,,10,14,,,,,,,,,,,,,,No_status,,,,
Calochilus,psednus,,3,5,,250,350,,3.5,4,,6.5,7,,10,11,,,,,,,,,,,,,,No_status,,,,
Calochilus,pulchellus,,4,8,,200,300,,8,9,,6,7,,28,30,,,,,,,,,,,,,,No_status,,,,
Calochilus,richiae,,10,13,,150,300,,7,10,,7,8,,12,15,,,EN,,,,,TH,,,,,,No_status,"Backhouse, G. (2007)",,,
Calochilus,robertsonii,,8,12,,150,450,,8,11,,6,8,,20,35,,,,,,,,,,,,,,No_status,,,,
Calochilus,russeus,,12,18,,400,700,,8,10,,9,11,,25,30,,,,,,,,,,,,,,No_status,,,,
Calochilus,sandrae,,8,12,,300,400,,7,8,,7,9,,18,22,,,,,,,,,,,,,,No_status,,,,
Calochilus,saprophyticus,,5,12,,200,350,,5,7,,5,7,,12,16,,,,,,,,,,,,,,No_status,,,,
Calochilus,stramenicola,,3,5,,120,420,,6,8,,6,8,,12,17,,,,,,,,,,,,,,No_status,,,,
Calochilus,therophilus,,20,28,,400,950,,7,8,,5,6,,19,22,,,,,,,,,,,,,,No_status,,,,
Calochilus,uliginosus,,5,12,,150,600,,5.5,7,,6,7,,14,18,,,,,,,,,,,,,,No_status,,,,
Cepobaculum,canaliculatum,,6,12,,NA,NA,,3,4,,7,9,,10,13,,,,,,,,,,,,,,No_status,,,,
Cepobaculum,carronii,,4.9,5,5,NA,NA,,2.9,3,3,7.9,8,8,13.9,14,14,,,,,,,,,,,,,No_status,,,,
Cepobaculum,foelschei,,4,8,,NA,NA,,2,3,,5,6,,10,14,,,,,,,,,,,,,,No_status,,,,
Cepobaculum,jobannis,,12,15,,NA,NA,,4,5,,7,10,,10,16,,,,,,,,,,,,,,No_status,,,,
Cepobaculum,tattonianum,,4,8,,NA,NA,,2,3,,5,6,,10,12,,,,,,,,,,,,,,No_status,,,,
Cepobaculum,trilamellatum,,10,15,,NA,NA,,4,7,,8,14,,15,22,,,,,,,,,,,,,,No_status,,,,
Cestichis,angustilabris,,15,20,,NA,NA,,1.4,1.5,1.5,2.9,3,3,5,6,,,,,,,,,,,,,,No_status,,,,
Cestichis,bracteata,,10,15,,NA,NA,,1.9,2,2,3,4,,7,9,,,,,,,,,,,,,,No_status,,,,
Cestichis,coelogynoides,,10,15,,NA,NA,,1.4,1.5,1.5,4,5,,8,11,,,,,,,,,,,,,,No_status,,,,
Cestichis,condylobulbon,,15,22,,NA,NA,,0.9,1,1,1.9,2,2,2.9,3,3,,,,RA,,,,,,,,,No_status,"Backhouse, G. (2007)",,,
Cestichis,fleckeri,,20,25,,NA,NA,,1.9,2,2,3,4,,8,9,,,,,,,,,,,,,,No_status,,,,
Cestichis,nugentiae,,20,30,,NA,NA,,1.5,2,,7,9,,13,16,,,,,,,,,,,,,,No_status,,,,
Cestichis,reflexa,,30,35,,NA,NA,,1.9,2,2,3,4,,7,10,,,,,,,,,,,,,,No_status,,,,
Cestichis,swenssonii,,25,30,,NA,NA,,1.9,2,2,3,3.5,,6,8,,,,,,,,,,,,,,No_status,,,,
Chiloglottis,anaticeps,,14,18,,35,70,,3,4,,5,6,,9,11,,,,,,EN,,,,,,,,No_status,"Backhouse, G. (2007)",,,
Chiloglottis,diphylla,,10,15,,70,100,,2,2.5,,4,5,,7,10,,,,,,,,,,,,,,No_status,,,,
Chiloglottis,longiclavata,,10,20,,70,100,,2.4,2.5,2.5,4,5,,7,8,,,,,RA,,,,,,,,,No_status,"Backhouse, G. (2007)",,,
Chiloglottis,palachilla,,12,15,,120,170,,3,3.5,,5,7,,5,6,,,,,,,,,,,,,,No_status,,,,
Chiloglottis,reflexa,,15,30,,60,100,,2.5,3,,6,7,,9,11,,,,,,,,,,,,,,No_status,,,,
Chiloglottis,seminuda,,10,20,,40,70,,2.5,3,,5,6.5,,8,10,,,,,,,,TH,,,,,,No_status,"Backhouse, G. (2007)",,,
Chiloglottis,sphyrnoides,,15,23,,50,90,,3,4,,7,8.5,,10,12,,,,,VU,,,,,,,,,No_status,"Backhouse, G. (2007)",,,
Chiloglottis,sylvestris,,12,20,,30,50,,2,2.5,,5,6,,7,10,,,,,,,,,,,,,,No_status,,,,
Chiloglottis,trilabra,,10,15,,50,80,,3,4,,6,7,,9,11,,,,,,,,,,,,,,No_status,,,,
Chiloterus,cucullatus,,3,7,,NA,NA,,2.5,3,,3,3.5,,6.5,7.5,,,,,,,,,,,,,,No_status,,,,
Chiloterus,gibbosus,,3,7,,NA,NA,,1.9,2,2,2.9,3,3,6.5,7,,,,,,,,,,,,,,No_status,,,,
Conostalix,paludicola,,5.9,6,,NA,NA,,2.9,3,3,4.9,5,5,12.9,13,13,,,,,,,,,,,,,No_status,,,,
Corunastylis,acuminata,,NA,NA,,NA,NA,,2.1,2.2,2.2,1.4,1.5,1.5,2.9,3,3,,,,,,,,,,,,,No_status,,,,
Corunastylis,alticola,,NA,NA,,NA,NA,,3.9,4,4,1.4,1.5,1.5,2.9,3,3,,,,,,,,,,,,,No_status,,,,
Corunastylis,anthracina,,NA,NA,,NA,NA,,2.4,2.5,2.5,1,1.3,,2.2,2.6,,,,,,,,,,,,,,No_status,,,,
Corunastylis,apostasioides,,NA,NA,,NA,NA,,2.4,2.5,2.5,1.9,2,2,7.4,7.5,7.5,,,,,,,,,,,,,No_status,,,,
Corunastylis,archeri,,NA,NA,,NA,NA,,2.4,2.5,2.5,1.9,2,2,2.9,3,3,,,,,,,,,,,,,No_status,,,,
Corunastylis,arrecta,,NA,NA,,NA,NA,,2.4,2.5,2.5,1.7,1.8,1.8,2.9,3,3,,,,,,,,,,,,,No_status,,,,
Corunastylis,bishopii,,NA,NA,,NA,NA,,1.9,2,2,1.2,1.3,1.3,3,3.3,,,,,,,,,,,,,,No_status,,,,
Corunastylis,brachystachya,,NA,NA,,NA,NA,,1.9,2,2,1.3,1.4,1.4,2.6,2.7,2.7,,EN,,,,,,EN,,,,,No_status,"Backhouse, G. (2007)",,,
Corunastylis,citriodora,,NA,NA,,NA,NA,,1.9,2,2,1.4,1.5,1.5,3.9,4,4,,,,,,,,,,,,,No_status,,,,
Corunastylis,cranei,,NA,NA,,NA,NA,,2.2,2.3,2.3,0.7,0.8,0.8,2.9,3,3,,,,,,,,,,,,,No_status,,,,
Corunastylis,densa,,NA,NA,,NA,NA,,1.2,1.3,1.3,1,1.2,,2,2.2,,,,,,,,,,,,,,No_status,,,,
Corunastylis,ectopa,,NA,NA,,NA,NA,,2.4,2.5,2.5,1.7,1.8,1.8,3.5,4,,,CR,,,,EN,,,,,,,No_status,"Backhouse, G. (2007)",,,
Corunastylis,eriochila,,NA,NA,,NA,NA,,1.4,1.5,1.5,1.2,1.3,1.3,1.9,2,2,,,,,,,,,,,,,No_status,,,,
Corunastylis,filiformis,,NA,NA,,NA,NA,,1.9,2,2,1.7,1.8,1.8,3.5,4,,,,,,,,,,,,,,No_status,,,,
Corunastylis,fimbriata,,NA,NA,,NA,NA,,2.7,2.8,2.8,1.4,1.5,1.5,4.3,4.5,4.5,,,,,,,,,,,,,No_status,,,,
Corunastylis,firthii,,NA,NA,,NA,NA,,2.4,2.5,2.5,1.4,1.5,1.5,2.2,2.3,2.3,,CR,,,,,,EN,,,,,No_status,"Backhouse, G. (2007)",,,
Corunastylis,formosa,,NA,NA,,NA,NA,,2.5,3,,2.5,2.8,,4.5,5,,,,,,,,,,,,,,No_status,,,,
Corunastylis,insignis,,NA,NA,,NA,NA,,2.4,2.5,2.5,1.7,1.8,1.8,3.9,4,4,,,,,,,,,,,,,No_status,,,,
Corunastylis,laminata,,NA,NA,,NA,NA,,1.9,2,2,0.9,1,1,2.4,2.5,2.5,,,,,,,,,,,,,No_status,,,,
Corunastylis,littoralis,,NA,NA,,NA,NA,,2.4,2.5,2.5,0.7,0.8,0.8,2.4,2.5,2.5,,,,,,,,,,,,,No_status,,,,
Corunastylis,morina,,NA,NA,,NA,NA,,2.9,3,3,2.1,2.2,2.2,4.2,4.3,4.3,,,,,,,,,,,,,No_status,,,,
Corunastylis,nigricans,,NA,NA,,NA,NA,,1.9,2,2,1.3,1.4,1.4,2.9,3,3,,,,,,,,,,,,,No_status,,,,
Corunastylis,nuda,,NA,NA,,NA,NA,,1.5,1.6,1.6,0.9,1,1,1.4,1.5,1.5,,,,,,,,RA,,,,,No_status,"Backhouse, G. (2007)",,,
Corunastylis,nudiscapa,,NA,NA,,NA,NA,,1.3,1.4,1.4,0.7,0.8,0.8,1.9,2,2,,,,,,,,EX,,,,,No_status,"Backhouse, G. (2007)",,,
Corunastylis,oligantha,,NA,NA,,NA,NA,,2.9,3,3,2.6,2.7,2.7,4.9,5,5,,,,,,,,,,,,,No_status,,,,
Corunastylis,ostriana,,NA,NA,,NA,NA,,2.9,3,3,1.5,1.6,1.6,4.9,5,5,,,,,,,,,,,,,No_status,,,,
Corunastylis,parvicalla,,NA,NA,,NA,NA,,2.4,2.5,2.5,1.9,2,2,3.9,4,4,,,,,,,,,,,,,No_status,,,,
Corunastylis,pedersonii,,NA,NA,,NA,NA,,1.4,1.5,1.5,0.9,1,1,1.5,1.6,1.6,,EN,,,EN,,,,,,,,No_status,"Backhouse, G. (2007)",,,
Corunastylis,plumosa,,NA,NA,,NA,NA,,2.9,3,3,1.9,2,2,5.4,5.5,5.5,,EN,,,EN,,,,,,,,No_status,"Backhouse, G. (2007)",,,
Corunastylis,psammophila,,NA,NA,,NA,NA,,1.5,2,,1.2,1.3,1.3,2.4,2.5,2.5,,,,,,,,,,,,,No_status,,,,
Corunastylis,pumila,,NA,NA,,NA,NA,,1.5,1.6,1.6,1.9,2,2,2.9,3,3,,,,,,,,,,,,,No_status,,,,
Corunastylis,rhyolitica,,NA,NA,,NA,NA,,1.9,2,2,1.6,1.7,1.7,3.4,3.5,3.5,,,,RA,,,,,,,,,No_status,"Backhouse, G. (2007)",,,
Corunastylis,rufa,,NA,NA,,NA,NA,,1.9,2,2,1.2,1.3,1.3,2.4,2.5,2.5,,,,,,,,,,,,,No_status,,,,
Corunastylis,ruppii,,NA,NA,,NA,NA,,2.4,2.5,2.5,1.5,1.6,1.6,2.4,2.5,2.5,,,,,,,,,,,,,No_status,,,,
Corunastylis,sagittifera,,NA,NA,,NA,NA,,1.9,2,2,0.9,1,1,2.9,3,3,,,,,,,,,,,,,No_status,,,,
Corunastylis,sigmoidea,,NA,NA,,NA,NA,,1.4,1.5,1.5,1.2,1.3,1.3,2.1,2.2,2.2,,,,,EN,,,,,,,,No_status,"Backhouse, G. (2007)",,,
Corunastylis,simulans,,NA,NA,,NA,NA,,3.9,4,4,1.9,2,2,5,6,,,,,,,,,,,,,,No_status,,,,
Corunastylis,superba,,NA,NA,,NA,NA,,2.9,3,3,2.9,3,3,7.4,7.5,7.5,,VU,,,VU,,,,,,,,No_status,"Backhouse, G. (2007)",,,
Corunastylis,systena,,NA,NA,,NA,NA,,2.4,2.5,2.5,1.4,1.5,1.5,3.4,3.5,3.5,,,,,,,,,,,,,No_status,,,,
Corunastylis,tasmanica,,NA,NA,,NA,NA,,1.9,2,2,1.4,1.5,1.5,2.9,3,3,,,,,,,,,,,,,No_status,,,,
Corunastylis,tecta,,NA,NA,,NA,NA,,1.7,1.8,1.8,2.4,2.5,2.5,4.9,5,5,,,,,,,,,,,,,No_status,,,,
Corunastylis,tepperi,,NA,NA,,NA,NA,,1.9,2,2,1.2,1.3,1.3,2.1,2.2,2.2,,,,,,,,,,,,,No_status,,,,
Corunastylis,trifida,,NA,NA,,NA,NA,,1.5,1.6,1.6,0.9,1,1,1.9,2,2,,,,,,,,,,,,,No_status,,,,
Corunastylis,turfosa,,NA,NA,,NA,NA,,1.9,2,2,3.4,3.5,3.5,5.9,6,6,,,,,,,,,,,,,No_status,,,,
Corunastylis,valida,,NA,NA,,NA,NA,,1.9,2,2,1.4,1.5,1.5,2.7,2.8,2.8,,,,,,,,,,,,,No_status,,,,
Corunastylis,vernalis,,NA,NA,,NA,NA,,2.2,2.3,2.3,1.4,1.5,1.5,2.7,2.8,2.8,,EN,,EN,,,,,,,,,No_status,"Backhouse, G. (2007)",,,
Corybas,abellianus,,5,10,,NA,NA,,6,8,,NA,NA,,NA,NA,,,,,RA,,,,,,,,,No_status,"Backhouse, G. (2007)",,,
Corybas,aconitiflorus,,10,30,,NA,NA,,10,12,,NA,NA,,NA,NA,,,,,,,,,,,,,,No_status,,,,
Corybas,barbarae,,20,30,,NA,NA,,15,20,,NA,NA,,NA,NA,,,,,,,,,,,,,,No_status,,,,
Corybas,cerasinus,,10,14,,NA,NA,,6,10,,NA,NA,,NA,NA,,,,,,,,,,,,,,No_status,,,,
Corybas,dowlingii,,15,35,,NA,NA,,6,10,,NA,NA,,NA,NA,,,,,,,,,,,,,,No_status,,,,
Corybas,undulatus,,8,18,,NA,NA,,6,8,,NA,NA,,NA,NA,,,,,,,,,,,,,,No_status,,,,
Corysanthes,dentata,,30,42,,NA,NA,,9,11,,12,12,,12,13,,,,,,,,,,,,,,No_status,,,,
Corysanthes,despectans,,12,30,,NA,NA,,3,4,,9,11,,7,8,,,,,,,,,,,,,,No_status,,,,
Corysanthes,diemenica,,12,20,,NA,NA,,12,15,,11,16,,10,13,,,,,,,,,,,,,,No_status,,,,
Corysanthes,dilatata,,12,25,,NA,NA,,12,15,,10,20,,10,13,,,,,,,,,,,,,,No_status,,,,
Corysanthes,expansa,,15,30,,NA,NA,,5,7,,11,13,,13,15,,,,,,,,,,,,,,No_status,,,,
Corysanthes,fimbriata,,15,40,,NA,NA,,15,18,,10,16,,8,14,,,,,,,,,,,,,,No_status,,,,
Corysanthes,hispida,,15,35,,NA,NA,,14,18,,15,28,,20,30,,,,,,,,,,,,,,No_status,,,,
Corysanthes,incurva,,15,25,,NA,NA,,12,14,,10,15,,10,15,,,,,,,,,,,,,,No_status,,,,
Corysanthes,limpida,,20,35,,NA,NA,,5,7,,7,9,,8,11,,,,,,,,,,,,,,No_status,,,,
Corysanthes,pruinosa,,10,20,,NA,NA,,10,13,,12,15,,9,12,,,,,,,,,,,,,,No_status,,,,
Corysanthes,recurva,,15,45,,NA,NA,,12,20,,9,11,,14,20,,,,,,,,,,,,,,No_status,,,,
Crangonorchis,depauperata,,5,20,,80,200,,NA,NA,,2.9,3,3,8,10,,,,,,,,,,,,,,No_status,,,,
Crangonorchis,pedoglossa,,4,12,,60,150,,NA,NA,,1.5,1.8,,3.5,4,,,,,,,,,,,,,,No_status,,,,
Crepidium,fimbriatum,,40,50,,150,250,,1.5,2,,3,3.5,,4,4.5,,,,,,,,,,,,,,No_status,,,,
Crepidium,flavovirens,,30,60,,150,350,,1.9,2,2,4.9,5,5,5.5,6,,,,,,,,,,,,,,No_status,,,,
Crepidium,fontinale,,30,50,,100,300,,1,1.2,,5.9,6,6,6,7.5,,,,,,,,,,,,,,No_status,,,,
Crepidium,lawleri,,15,20,,50,100,,1.4,1.5,1.5,3.5,4,,3.5,4,,,,,,,,,,,,,,No_status,,,,
Crepidium,marsupichilum,,50,100,,200,500,,2.9,3,3,4.5,5,,5,6,,,,,,,,,,,,,,No_status,,,,
Cryptostylis,erecta,,25,30,,300,800,,1.5,2,,10,15,,20,30,,,,,,,,TH,,,,,,No_status,"Backhouse, G. (2007)",,,
Cryptostylis,hunteriana,,NA,NA,,80,450,,1,1.5,,6,8,,20,33,,,VU,,,VU,,TH,,,,,,No_status,"Backhouse, G. (2007)",,,
Cryptostylis,leptochila,,25,40,,200,400,,0.8,1.2,,4.9,5,5,16,20,,,,,,,,,EN,,,,,No_status,"Backhouse, G. (2007)",,,
Cryptostylis,ovata,,40,80,,250,700,,4,5,,15,20,,26,30,,,,,,,,,,,,,,No_status,,,,
Cyanicula,amplexans,,5,7,,60,150,,2,3,,6,9,,5,7,,,,,,,,,,,,,,No_status,,,,
Cyanicula,aperta,,3,4,,60,150,,2,3,,6,9,,6,9,,,,,,,,,,,,,,No_status,,,,
Cyanicula,ashbyae,,6,20,,50,150,,4,8,,3,5,,5,8,,,,,,,,,,,,,,No_status,,,,
Cyanicula,caerulea,,4,5,,20,30,,2,2,,6.5,7.5,,7,9,,,,,,,,,,,,,,No_status,,,,
Cyanicula,fragrans,,5,15,,50,120,,4,7,,3,5,,6,8,,,,,,,,,,,,,,No_status,,,,
Cyanicula,gemmata,,15,20,,50,150,,5,10,,4,7,,20,30,,,,,,,,,,,,,,No_status,,,,
Cyanicula,gertrudeae,,10,15,,50,150,,4,8,,5,7,,7,10,,,,,,,,,,,,,,No_status,,,,
Cyanicula,ixioides,ixioides,10,20,,50,150,,7,8,,3,5,,5,9,,,,,,,,,,,,,,No_status,,,,
Cyanicula,nikulinskyae,,5,10,,50,100,,4,5,,3,4,,5,7,,,,,,,,,,,,,,No_status,,,,
Cyanicula,sericea,,15,25,,150,400,,5,8,,7,10,,10,15,,,,,,,,,,,,,,No_status,,,,
Cymbidium,canaliculatum,,30,40,,NA,NA,,7,10,,8,10,,15,20,,,,,,,,,,,,,,No_status,,,,
Cymbidium,madidum,,30,40,,NA,NA,,5,6,,5,6,,12,15,,,,,,,,,,,,,,No_status,,,,
Cymbidium,suave,,15,20,,NA,NA,,5,6,,7,8,,12,15,,,,,,,,,,,,,,No_status,,,,
Cyrtostylis,huegelii,,20,50,,100,350,,1.5,2,,3,3.5,,8,11,,,,,,,,,,,,,,No_status,,,,
Cyrtostylis,reniformis,,10,30,,50,150,,2,2.5,,4.5,5,,10,12.5,,,,,,,,,,,,,,No_status,,,,
Cyrtostylis,robusta,,10,50,,60,250,,2.4,2.5,2.5,5,6,,12,15,,,,,,,,,,,,,,No_status,,,,
Cyrtostylis,tenuissima,,10,20,,50,200,,1,1.3,,2.9,3,3,4,5,,,,,,,,,,,,,,No_status,,,,
Davejonesia,aurantiacopurpurea,,5,8,,NA,NA,,2,2.5,,1.9,2,2,6.9,7,7,,,,,,,,,,,,,No_status,,,,
Davejonesia,linchenastrum,,5,7,,NA,NA,,2.4,2.5,2.5,1.9,2,2,6.9,7,7,,,,,,,,,,,,,No_status,,,,
Davejonesia,prenticei,,3.9,4,4,NA,NA,,2.4,2.5,2.5,1.9,2,2,6.9,7,7,,,,,,,,,,,,,No_status,,,,
Diplodium,abruptum,,10,15,,150,450,,NA,NA,,3.9,4,4,13,15,,,,,,,,,,,,,,No_status,,,,
Diplodium,aestivum,,10,15,,100,350,,NA,NA,,3.9,4,4,15,19,,,,,,,,,,,,,,No_status,,,,
Diplodium,alatum,,3,12,,80,250,,NA,NA,,3.4,3.5,3.5,10,12,,,,,,,,,,,,,,No_status,,,,
Diplodium,alveatum,,5,15,,100,200,,NA,NA,,2.9,3,3,8,9.5,,,,,,,,,,,,,,No_status,,,,
Diplodium,angustum,,7,12,,80,200,,NA,NA,,1.9,2,2,13,15,,,,,,,,,,,,,,No_status,,,,
Diplodium,aquilonium,,5,12,,150,200,,NA,NA,,1.9,2,2,11,13,,,,,,,,,,,,,,No_status,,,,
Diplodium,asperum,,4,17,,90,170,,NA,NA,,3.9,4,4,13,15,,,,,,,,,,,,,,No_status,,,,
Diplodium,atrans,,10,20,,150,300,,NA,NA,,2.5,3,,9,10,,,,,,,,,,,,,,No_status,,,,
Diplodium,bryophilum,,5,15,,120,180,,NA,NA,,2.5,3,,9.5,11,,,,,,,,,,,,,,No_status,,,,
Diplodium,coccinum,,10,15,,80,220,,NA,NA,,3.5,4,,20,25,,,,,,,,,,,,,,No_status,,,,
Diplodium,decurvum,,10,20,,150,300,,NA,NA,,2.4,2.5,2.5,12.5,15,,,,,,,,,,,,,,No_status,,,,
Diplodium,dolichochilum,,3,8,,50,150,,NA,NA,,3.5,4,,13,15,,,,,,,,,,,,,,No_status,,,,
Diplodium,elegans,,8,13,,150,280,,NA,NA,,2,2.5,,8,11,,,,,,,,,,,,,,No_status,,,,
Diplodium,erythroconchum,,3,8,,60,150,,NA,NA,,3,3.5,,17,20,,,,,,,,,,,,,,No_status,,,,
Diplodium,fischii,,6,12,,150,250,,NA,NA,,3,4,,8,9,,,,,,,,,,,,,,No_status,,,,
Diplodium,grandiflorum,,3,10,,150,400,,NA,NA,,3,3.5,,17,20,,,,,,,,,,,,,,No_status,,,,
Diplodium,hamiltonii,,5,12,,50,150,,NA,NA,,3,3.5,,15,20,,,,,,,,,,,,,,No_status,,,,
Diplodium,hians,,9,13,,80,140,,NA,NA,,2.9,3,3,5,5.5,,,,,,,,,,,,,,No_status,,,,
Diplodium,laxum,,8,16,,200,400,,NA,NA,,3.9,4,4,10,13,,,,,,,,,,,,,,No_status,,,,
Diplodium,longicurvum,,5,15,,60,180,,NA,NA,,2.4,2.5,2.5,15,18,,,,,,,,,,,,,,No_status,,,,
Diplodium,longipetalum,,4,10,,100,160,,NA,NA,,3.4,3.5,3.5,13,15,,,,,,,,,,,,,,No_status,,,,
Diplodium,metcalfei,,7,20,,100,300,,NA,NA,,3,3.5,,13.7,17,,,,,,,,,,,,,,No_status,,,,
Diplodium,obtusum,,10,15,,150,250,,NA,NA,,2.9,3,3,9,11,,,,,,,,,,,,,,No_status,,,,
Diplodium,pulchellum,,6,15,,60,150,,NA,NA,,3.9,4,4,16,18,,,,,RA,,,,,,,,,No_status,"Backhouse, G. (2007)",,,
Diplodium,reflexum,,6,12,,100,200,,NA,NA,,3.9,4,4,14,16,,,,,,,,,,,,,,No_status,,,,
Diplodium,revolutum,,4,16,,100,150,,NA,NA,,2.9,3,3,15,17,,,,,,,,,,,,,,No_status,,,,
Diplodium,robustum,,5,16,,50,200,,NA,NA,,3,4,,12,15,,,,,,,,,,,,,,No_status,,,,
Diplodium,rogersii,,4,12,,70,200,,NA,NA,,3,4,,15,20,,,,,,,,,,,,,,No_status,,,,
Diplodium,russellii,,10,20,,200,350,,NA,NA,,3,3.5,,11,14,,,,,,,,,,,,,,No_status,,,,
Diplodium,scabrum,,7,13,,80,150,,NA,NA,,3.9,4,4,20,25,,,,,,,,,,,,,,No_status,,,,
Diplodium,scoliosum,,6,14,,100,200,,NA,NA,,3,4,,11,13,,,,,,,,,,,,,,No_status,,,,
Diplodium,striatum,,3,9,,40,250,,NA,NA,,2.5,3,,7,9,,,,,,,,,,,,,,No_status,,,,
Diplodium,tenuissimum,,2,7,,100,300,,NA,NA,,1.9,2,2,6,8,,,,,,,,,,,,,,No_status,,,,
Diplodium,torquatum,,10,15,,100,200,,NA,NA,,2.4,2.5,2.5,8.5,10.5,,,,,,,,,,,,,,No_status,,,,
Diplodium,truncatum,,8,18,,50,150,,NA,NA,,3.5,4,,14,18,,,,,,,,,,,,,,No_status,,,,
Dipodium,atropurpureum,,NA,NA,,400,600,,5,5.5,,5,6.6,,13,14.5,,,,,,,,,,,,,,No_status,,,,
Dipodium,campanulatum,,NA,NA,,400,700,,3,5,,5,6,,12,16,,,,,,,,,,,,,,No_status,,,,
Dipodium,elegantulum,,NA,NA,,500,800,,3,4,,4,5,,14,20,,,,,,,,,,,,,,No_status,,,,
Dipodium,ensiflorum,,14.9,15,15,NA,NA,,5.9,6,6,5,6,,20,25,,,,,,,,,,,,,,No_status,,,,
Dipodium,hamiltonianum,,NA,NA,,400,800,,5,6,,4,5,,15,20,,,,,,,,,,,,,,No_status,,,,
Dipodium,pandanum,,30,45,,NA,NA,,5,7,,6,8,,15,20,,,,,,,,,,,,,,No_status,,,,
Dipodium,pardalinum,,NA,NA,,400,900,,3,5,,4.5,6,,11,17,,,,,,,,,,,,,,No_status,,,,
Dipodium,punctatum,,NA,NA,,400,1000,,4,5,,5,6,,12,16,,,,,,,,,,,,,,No_status,,,,
Dipodium,roseum,,NA,NA,,400,1000,,3,6,,4,6.5,,10,15,,,,,,,,,,,,,,No_status,,,,
Dipodium,stenochilum,,NA,NA,,400,1200,,4,6,,5,7,,15,20,,,,,,,,,,,,,,No_status,,,,
Dipodium,variegatum,,NA,NA,,300,600,,4.5,5,,3.5,4,,13,15,,,,,,,,,,,,,,No_status,,,,
Diteilis,collinsii,,40,50,,NA,NA,,3,3.5,,8,10,,10,13,,,,,,,,,,,,,,No_status,,,,
Diteilis,petricola,,40,60,,NA,NA,,2.5,3,,6,7,,8,9,,,,,,,,,,,,,,No_status,,,,
Diteilis,simmondsii,,40,60,,NA,NA,,2.5,3,,6,7,,8,9,,,,,,,,,,,,,,No_status,,,,
Diuris,abbreviata,,3,6,,200,450,,5,8,,NA,NA,,10,14,,,,,,,,,,,,,,No_status,,,,
Diuris,aequalis,,3,4,,200,350,,8,15,,NA,NA,,5,6,,,VU,,,EN,,,,,,,,No_status,"Backhouse, G. (2007)",,,
Diuris,alba,,2,3,,150,400,,6,9,,NA,NA,,10,14,,,,,,,,,,,,,,No_status,,,,
Diuris,amplissima,,20,25,,400,900,,16,23,,NA,NA,,12,16,,,,,,,,,,,,,,No_status,,,,
Diuris,arenaria,,2,6,,150,500,,7,11,,NA,NA,,10,14,,,,,,EN,,,,,,,,No_status,"Backhouse, G. (2007)",,,
Diuris,aurea,,4,8,,300,600,,10,14,,NA,NA,,12,16,,,,,,,,,,,,,,No_status,,,,
Diuris,basaltica,,1,2,,60,200,,6,8,,NA,NA,,10,15,,,,,,,,,,,,,,No_status,,,,
Diuris,bracteata,,6,10,,100,180,,5,6,,NA,NA,,5,7,,,EX,,,EN,,,,,,,,No_status,"Backhouse, G. (2007)",,,
Diuris,brumalis,,8,10,,200,500,,7,15,,NA,NA,,6,9,,,,,,,,,,,,,,No_status,,,,
Diuris,byronensis,,2,4,,100,300,,6,7,,NA,NA,,10,13,,,,,,,,,,,,,,No_status,,,,
Diuris,callitrophila,,5,9,,300,500,,8,12,,NA,NA,,10,15,,,,,,,,,,,,,,No_status,,,,
Diuris,carinata,,3,6,,20,30,,9,12,,NA,NA,,15,18,,,,,,,,,,,,,,No_status,,,,
Diuris,chrysantha,,4,8,,150,300,,6,7,,NA,NA,,7,9,,,,,,,,,,,,,,No_status,,,,
Diuris,concinna,,2,3,,20,25,,5,8.5,,NA,NA,,10,14,,,,,,,,,,,,,,No_status,,,,
Diuris,conspicillata,,5,12,,180,300,,10,12,,NA,NA,,7,12,,,,,,,,,,,,,,No_status,,,,
Diuris,corymbosa,,8,10,,150,400,,11,14,,NA,NA,,9,12,,,,,,,,,,,,,,No_status,,,,
Diuris,daltonii,,3,6,,300,500,,8,16,,NA,NA,,10,16,,,,,,,,,,,,,,No_status,,,,
Diuris,dendrobioides,,3,4,,200,400,,8,12,,NA,NA,,10,13,,,,,,,,TH,,,,,,No_status,"Backhouse, G. (2007)",,,
Diuris,disposita,,4,5,,200,300,,4,7,,NA,NA,,7,9,,,,,,EN,,,,,,,,No_status,"Backhouse, G. (2007)",,,
Diuris,drummondii,,5,8,,500,1000,,9,12,,NA,NA,,17,22,,,VU,,,,,,,,RA,,,No_status,"Backhouse, G. (2007)",,,
Diuris,eborensis,,3,6,,150,350,,6,9,,NA,NA,,11,14,,,,,,,,,,,,,,No_status,,,,
Diuris,emarginata,,3,6,,300,500,,5,7,,NA,NA,,11,14,,,,,,,,,,,,,,No_status,,,,
Diuris,exitela,,8,12,,300,700,,5,7,,NA,NA,,10,15,,,,,,,,,,,,,,No_status,,,,
Diuris,filifolia,,1,2,,200,450,,7,8,,NA,NA,,10,12,,,,,,,,,,,,,,No_status,,,,
Diuris,flavescens,,3,4,,100,200,,4,5,,NA,NA,,6,8,,,,,,EN,,,,,,,,No_status,"Backhouse, G. (2007)",,,
Diuris,fragrantissima,,5,10,,100,200,,8,12,,NA,NA,,9,12,,,,,,,,TH,,,,,,No_status,"Backhouse, G. (2007)",,,
Diuris,goonoensis,,3,5,,300,700,,9,12,,NA,NA,,10,14,,,,,,,,,,,,,,No_status,,,,
Diuris,gregaria,,1,2,,60,200,,6,8,,NA,NA,,10,15,,,,,,,,,,,,,,No_status,,,,
Diuris,herbelei,,2,3,,200,500,,7,9,,NA,NA,,12,18,,,,,,,,,,,,,,No_status,,,,
Diuris,laevis,,2,3,,200,350,,5,6,,NA,NA,,13,16,,,,,,,,,,,,,,No_status,,,,
Diuris,lanceolata,,1,3,,60,250,,7,13,,NA,NA,,14,22,,,EN,,,,,,EN,,,,,No_status,"Backhouse, G. (2007)",,,
Diuris,laxiflora,,2,3,,300,500,,5,7,,NA,NA,,8,11,,,,,,,,,,,,,,No_status,,,,
Diuris,longifolia,,8,10,,100,350,,10,12,,NA,NA,,6,9,,,,,,,,,,,,,,No_status,,,,
Diuris,luteola,,3,4,,120,450,,5,8,,NA,NA,,6,9,,,,,,,,,,,,,,No_status,,,,
Diuris,maculata,,3,4,,150,350,,5,7,,NA,NA,,4,6,,,,,,,,,,,,,,No_status,,,,
Diuris,magnifica,,18,24,,300,600,,10,16,,NA,NA,,13,18,,,,,,,,,,,,,,No_status,,,,
Diuris,micrantha,,2,3,,300,600,,2.5,3.5,,NA,NA,,5,7,,,VU,,,,,,,,RA,,,No_status,"Backhouse, G. (2007)",,,
Diuris,minor,,3,4,,200,450,,4.5,5.5,,NA,NA,,6.5,9,,,,,,,,,,,,,,No_status,,,,
Diuris,monticola,,3,4,,150,350,,7,9,,NA,NA,,12,17,,,,,,,,,,,,,,No_status,,,,
Diuris,ochroma,,3,5,,100,300,,7,9,,NA,NA,,13,16,,,VU,,,EN,,TH,,,,,,No_status,"Backhouse, G. (2007)",,,
Diuris,oporina,,7,10,,200,450,,4.5,5,,NA,NA,,7,8,,,,,RA,,,,,,,,,No_status,"Backhouse, G. (2007)",,,
Diuris,orientis,,5,10,,100,400,,9,15,,NA,NA,,10,14,,,,,,,,,,,,,,No_status,,,,
Diuris,palustris,,2,2,,50,150,,5,6,,NA,NA,,7,10,,,,,,,,TH,EN,,,,,No_status,"Backhouse, G. (2007)",,,
Diuris,pardina,,3,6,,200,400,,10,13,,NA,NA,,5,7,,,,,,,,,,,,,,No_status,,,,
Diuris,parvipetala,,3,4,,200,450,,4.5,5.5,,NA,NA,,5,6.5,,,,,RA,,,,,,,,,No_status,"Backhouse, G. (2007)",,,
Diuris,pauciflora,,3,5,,150,350,,5,6,,NA,NA,,9,12,,,,,,,,,,,,,,No_status,,,,
Diuris,pedunculata,,1,2,,60,150,,5,6,,NA,NA,,14,16,,,EN,,,EN,,,,,,,,No_status,"Backhouse, G. (2007)",,,
Diuris,picta,,2,4,,200,350,,9,11,,NA,NA,,15,18,,,,,,,,,,,,,,No_status,,,,
Diuris,platichila,,4,6,,300,500,,6,8,,NA,NA,,9,12,,,,,,,,,,,,,,No_status,,,,
Diuris,porrifolia,,8,13,,150,350,,8,10,,NA,NA,,6,8,,,,,,,,,,,,,,No_status,,,,
Diuris,praecox,,8,12,,200,400,,4.5,6,,NA,NA,,9,12,,,VU,,,VU,,,,,,,,No_status,"Backhouse, G. (2007)",,,
Diuris,pulchella,,6,10,,300,500,,10,13,,NA,NA,,8,10,,,,,,,,,,,,,,No_status,,,,
Diuris,purdiei,,2,3,,150,350,,4,5,,NA,NA,,15,18,,,EN,,,,,,,,RA,,,No_status,"Backhouse, G. (2007)",,,
Diuris,recurva,,5,8,,200,300,,7,10,,NA,NA,,6,7,,,,,,,,,,,,,,No_status,,,,
Diuris,secundiflora,,2.9,3,3,499.9,500,500,5.9,6,6,NA,NA,,5.9,6,6,,,,,,,,,,,,,No_status,,,,
Diuris,semilunulata,,3,4,,200,350,,7,11,,NA,NA,,5,8,,,,,,,,,,,,,,No_status,,,,
Diuris,setacea,,1,2,,150,300,,7,8,,NA,NA,,12,14,,,,,,,,,,,,,,No_status,,,,
Diuris,tricolor,,3,4,,200,400,,6,9,,NA,NA,,8,12,,,,,,VU,,TH,,,,,,No_status,"Backhouse, G. (2007)",,,
Diuris,venosa,,1,3,,100,400,,4,9,,NA,NA,,10,13,,,VU,,,VU,,,,,,,,No_status,"Backhouse, G. (2007)",,,
Dockrillia,banksii,,0.1,0.2,,NA,NA,,3,4,,5,8,,14,18,,,,,,,,,,,,,,No_status,,,,
Dockrillia,bowmanii,,3.9,4,4,NA,NA,,4,5,,5.9,6,6,19.9,20,20,,,,,,,,,,,,,No_status,,,,
Dockrillia,brevicauda,,3.5,5,,NA,NA,,3,4,,6,7,,16,19,,,,,,,,,,,,,,No_status,,,,
Dockrillia,calamiformis,,4,8,,NA,NA,,2.9,3,3,4.9,5,5,19.9,20,20,,,,,,,,,,,,,No_status,,,,
Dockrillia,cucumerina,,9,12,,NA,NA,,2.9,3,3,4,5,,11,14,,,,,,,,,,,,,,No_status,,,,
Dockrillia,dolichophylla,,5,6,,NA,NA,,2.5,3.5,,4,4.5,,25,35,,,,,,,,,,,,,,No_status,,,,
Dockrillia,fairfaxii,,20,25,,NA,NA,,2.9,3,3,5.9,6,6,29.9,30,30,,,,,,,,,,,,,No_status,,,,
Dockrillia,linguiformis,linguiformis,12,15,,NA,NA,,3,4,,3.9,4,4,5,6,,,,,,,,,,,,,,No_status,,,,
Dockrillia,mortii,,2,4,,NA,NA,,2.4,2.5,2.5,5,6,,14,17,,,,,,,,,,,,,,No_status,,,,
Dockrillia,nugentii,,15,20,,NA,NA,,3,4,,2.9,3,3,4.4,4.5,4.5,,,,,,,,,,,,,No_status,,,,
Dockrillia,pugioniformis,,15,20,,NA,NA,,2.9,3,3,8.9,9,9,17.9,18,18,,,,,,,,,,,,,No_status,,,,
Dockrillia,racemosa,,8,12,,NA,NA,,1.9,2,2,5.9,6,6,19.9,20,20,,,,,,,,,,,,,No_status,,,,
Dockrillia,rigida,,14.9,15,15,NA,NA,,4.4,4.5,4.5,6.9,7,7,9.9,10,10,,,,,,,,,,,,,No_status,,,,
Dockrillia,schoenina,,8,12,,NA,NA,,3.4,3.5,3.5,9.9,10,10,29.9,30,30,,,,,,,,,,,,,No_status,,,,
Dockrillia,striolata,,3,4,,NA,NA,,2,3,,3,5,,9,12,,,,,,,,,,,,,,No_status,,,,
Dockrillia,sulphurea,,4,6,,NA,NA,,2.5,3.5,,6.9,7,7,19.9,20,20,,,,,,,,,,,,,No_status,,,,
Dockrillia,teretifolia,,4,6,,NA,NA,,2.5,3,,4.9,5,5,20,30,,,,,,,,,,,,,,No_status,,,,
Dockrillia,wassellii,,8,10,,NA,NA,,1.4,1.5,1.5,3.4,3.5,3.5,10,12,,,VU,,,,,,,,,,,No_status,"Backhouse, G. (2007)",,,
Drakea,concolor,,20,30,,200,300,,1.5,2,,3.5,4,,10,12,,,EN,,,,,,,,RA,,,No_status,"Backhouse, G. (2007)",,,
Drakea,confluens,,10,20,,150,300,,1,1.5,,4,5,,8,11,,,EN,,,,,,,,RA,,,No_status,"Backhouse, G. (2007)",,,
Drakea,elastica,,10,20,,120,300,,1.5,1.8,,3,4,,10,12,,,EN,,,,,,,,RA,,,No_status,"Backhouse, G. (2007)",,,
Drakea,glyptodon,,5,15,,100,350,,1.9,2,2,3,5,,8,10,,,,,,,,,,,,,,No_status,,,,
Drakea,gracilis,,7,20,,100,250,,0.9,1,1,3,4,,7,9,,,,,,,,,,,,,,No_status,,,,
Drakea,isolata,,8,12,,100,300,,0.7,0.8,0.8,2.9,3,3,8,10,,,VU,,,,,,,,RA,,,No_status,"Backhouse, G. (2007)",,,
Drakea,livida,,10,20,,150,400,,2,2.5,,4,5,,10,12,,,,,,,,,,,,,,No_status,,,,
Drakea,micrantha,,4,8,,150,300,,0.4,0.5,0.5,2.9,3,3,5.5,7.5,,,EN,,,,,,,,RA,,,No_status,"Backhouse, G. (2007)",,,
Drakea,thynniphila,,10,25,,250,400,,0.7,0.8,0.8,2.9,3,3,8,11,,,,,,,,,,,,,,No_status,,,,
Drakonorchis,barbarella,,3,6,,80,250,,1.5,2,,3,4,,5,6,,*abdomen falso,,,,,,,,,,,,No_status,,,,
Drakonorchis,barbarossa,,5,10,,100,300,,1.5,2,,2,5,,8,10,,*abdomen falso,,,,,,,,,,,,No_status,,,,
Drakonorchis,drakeoides,,4,12,,120,300,,1.4,1.5,,3,4,,5,6,,*abdomen falso,,,,,,,,,,,,No_status,,,,
Drakonorchis,mesocera,,4,10,,80,250,,2,3,,3,7,,10,15,,*abdomen falso,,,,,,,,,,,,No_status,,,,
Durabaculum,fuscum,,30,40,,NA,NA,,4,5,,10,14,,12,17,,,,,,,,,,,,,,No_status,,,,
Durabaculum,mirbelianum,,30,40,,NA,NA,,7,9,,19.9,20,20,29.9,30,30,,,,,,,,,,,,,No_status,,,,
Durabaculum,nindii,,60,80,,NA,NA,,8,12,,39.9,40,40,39.9,40,40,,,,,,,,,,,,,No_status,,,,
Durabaculum,undulatum,undulatum,35,50,,NA,NA,,5,7,,11,15,,17,24,,,,,,,,,,,,,,No_status,,,,
Elythranthera,brunonis,,5,7,,150,300,,6,8,,0.5,0.5,,4.9,5,5,,,,,,,,,,,,,No_status,,,,
Elythranthera,emarginata,,5,7,,120,250,,6,8,,1.5,1.5,,4,5,,,,,,,,,,,,,,No_status,,,,
Empusa,habenarina,,25,40,,200,600,,1.9,2,2,3,4,,4,5,,,,,,,,,,,,,,No_status,,,,
Epiblema,grandiflorum,var. grandiflorum,4,5,,300,800,,7,8,,10,12,,13,15,,,,,,,,,,,,,,No_status,,,,
Eremorchis,allantoidea,,3,10,,80,100,,NA,NA,,1.4,1.5,1.5,4,5,,,,,,,,,,,,,,No_status,,,,
Ericksonella,saccharata,,3,5,,50,150,,1.5,2,,5,7,,5,8,,,,,,,,,,,,,,No_status,,,,
Eriochilus,cucullatus,,7,12,,100,250,,2.4,2.5,2.5,2.9,3,3,6,8,,,,,,,,,,,,,,No_status,,,,
Eriochilus,dilatatus,dilatatus,4,15,,100,300,,2,2.5,,2,4,,8,10,,,,,,,,,,,,,,No_status,,,,
Eriochilus,helonomos,,5,12,,50,150,,2,3,,2.5,3,,6,8,,,,,,,,,,,,,,No_status,,,,
Eriochilus,multiflorus,,10,30,,200,450,,2.5,3.5,,2.5,4.5,,8,10,,,,,,,,,,,,,,No_status,,,,
Eriochilus,pulchellus,,3,8,,20,150,,2,3,,2.5,3,,7,9,,,,,,,,,,,,,,No_status,,,,
Eriochilus,scaber,scaber,5,15,,20,150,,2.5,3,,2.5,3,,6,8,,,,,,,,,,,,,,No_status,,,,
Eriochilus,tenius,,5,15,,10,250,,2,3,,2.5,3,,6,8,,,,,,,,,,,,,,No_status,,,,
Eriochilus,valens,,5,10,,50,150,,2,3,,3.5,4,,6,9,,,,,,,,,,,,,,No_status,,,,
Eulophia,agrostophylla,,10,14,,300,600,,2.4,2.5,2.5,9.9,10,10,12,16,,,,,,,,,,,,,,No_status,,,,
Eulophia,fitzalanii,,20,25,,250,400,,2.9,3,3,6,8,,14,17,,,,,,,,,,,,,,No_status,,,,
Eulophia,pelorica,,60,100,,300,800,,2.9,3,3,6,7,,10,12,,,,,,,,,,,,,,No_status,,,,
Eulophia,venosa,,20,25,,400,800,,4,4.5,,10,11,,11,15,,,,,,,,,,,,,,No_status,,,,
Eulophia,zollingeri,,NA,NA,,500,900,,11,14,,17,20,,18,22,,,,,RA,,,,,,,,,No_status,"Backhouse, G. (2007)",,,
Glossodia,major,,15,20,,100,300,,6,8,,5,6.5,,7.5,9.5,,,,,,,,,,,,,,No_status,,,,
Glossodia,minor,,8,10,,80,150,,3,5,,2,3,,4,5,,,,,,,,,,,,,,No_status,,,,
Grastidium,baileyi,,7.9,8,8,NA,NA,,3.9,4,4,5.9,6,6,9.9,10,10,,,,,,,,,,,,,No_status,,,,
Grastidium,cancroides,,30,35,,NA,NA,,2.9,3,3,4.9,5,5,9.9,10,10,,,,,,,,,,,,,No_status,,,,
Grastidium,luteocilium,,40,45,,NA,NA,,5.9,6,6,7.9,8,8,8.9,9,9,,,,,,,,,,,,,No_status,,,,
Grastidium,tozorense,,6,8,,NA,NA,,1.9,2,2,3.9,4,4,7,10,,,,,,,,,,,,,,No_status,,,,
Habenaria,chlorosepala,,6,10,,200,530,,2.8,3.2,,8,10,,4.5,5,,,,,,,,,,,,,,No_status,,,,
Habenaria,elongata,,20,25,,300,600,,2.5,3,,NA,NA,,NA,NA,,,,,,,,,,,,,,No_status,,,,
Habenaria,euryloba,,8,11,,250,500,,2.7,3,,6,7.5,,6,7,,,,,,,,,,,,,,No_status,,,,
Habenaria,exilis,,3,5,,200,500,,2,2.5,,5.9,6,6,2.5,3,,,,,,,,,,,,,,No_status,,,,
Habenaria,ferdinandi,,3,5,,200,500,,2,2.5,,5.9,6,6,2.5,3,,,,,,,,,,,,,,No_status,,,,
Habenaria,fuscina,,12,16,,200,350,,3,3.5,,5,6,,6,7,,,,,,,,,,,,,,No_status,,,,
Habenaria,halata,,5,8,,300,500,,3,3.5,,9,11,,6,6.5,,,,,,,,,,,,,,No_status,,,,
Habenaria,harroldii,,7,16,,150,450,,4.5,5,,4,4.5,,8,10,,,,,RA,,,,,,,,,No_status,"Backhouse, G. (2007)",,,
Habenaria,hymenophylla,,30,35,,250,400,,4.5,5,,NA,NA,,6,7,,,EN,,EN,,,,,,,,,No_status,"Backhouse, G. (2007)",,,
Habenaria,macraithii,,20,25,,300,600,,3.9,4,4,NA,NA,,18,22,,,,EN,,,,,,,,,,No_status,"Backhouse, G. (2007)",,,
Habenaria,propinquior,,8,15,,200,400,,4.4,4.5,4.5,NA,NA,,5,7.5,,,,,RA,,,,,,,,,No_status,"Backhouse, G. (2007)",,,
Habenaria,rumphii,,15,20,,300,500,,2.9,3,3,5.9,6,6,6.5,7.5,,,,,,,,,RA,,,,,No_status,"Backhouse, G. (2007)",,,
Habenaria,xanthantha,,4,7,,150,350,,2.4,2.5,2.5,3,3.5,,5,7.5,,,,,,,,,,,,,,No_status,,,,
Hydrorchis,culpularis,,2.9,3,3,200,350,,1.4,1.5,1.5,1.4,1.5,1.5,1.6,1.7,,,,,,,,,,,,,,No_status,,,,
Hydrorchis,orbicularis,,2.9,3,3,150,300,,1.9,2,2,1.9,2,2,1.7,1.8,,,,,RA,,,,,,,,,No_status,"Backhouse, G. (2007)",,,
Hymenochilus,bicolor,,8,12,,100,300,,NA,NA,,1.9,2,2,2.4,2.5,2.5,,,,,,,,,,,,,No_status,,,,
Hymenochilus,cycnocephalus,,8,15,,80,300,,NA,NA,,1.9,2,2,2.4,2.5,2.5,,,,,,,,,,,,,No_status,,,,
Hymenochilus,muticus,,6,15,,150,350,,NA,NA,,1.9,2,2,4,4.5,,,,,,,,,,,,,,No_status,,,,
Hymenochilus,pratensis,,14,22,,70,150,,NA,NA,,2.3,2.4,2.4,2.4,2.8,,,,,,,,,,,,,,No_status,,,,
Hymenochilus,rubenachii,,6,10,,30,80,,NA,NA,,2.1,2.2,2.2,2.5,2.8,,,,,,,,,,,,,,No_status,,,,
Hymenochilus,wapstrarum,,8,27,,80,220,,NA,NA,,2.2,2.3,2.3,2.7,3,,,,,,,,,,,,,,No_status,,,,
Hymenochilus,ziegeleri,,5,10,,50,100,,NA,NA,,1.9,2,2,2.4,2.5,2.5,,,,,,,,,,,,,No_status,,,,
Jonesiopsis,abbreviata,,4,5,,200,350,,2,3,,7,9,,10,13,,,,,,,,,,,,,,No_status,,,,
Jonesiopsis,bicalliata,,2,5,,60,150,,1.5,2.5,,6,7,,6,8,,,,,,,,,,,,,,No_status,,,,
Jonesiopsis,brevisura,,4,8,,150,250,,1.5,2,,10,14,,9,11,,,,,,,,,,,,,,No_status,,,,
Jonesiopsis,caesarea,caesarea,2,4,,150,350,,2,3,,9,11,,12,16,,,,,,,,,,,,,,No_status,,,,
Jonesiopsis,cairsiana,,3,6,,150,300,,2,3,,9,12,,10,16,,,,,,,,,,,,,,No_status,,,,
Jonesiopsis,capillata,,3,6,,50,150,,2,2.5,,3.5,4.5,,4.5,6,,,,,,,,,,,,,,No_status,,,,
Jonesiopsis,chapmanii,,2,5,,200,450,,3,5,,12,15,,14,22,,,,,,,,,,,,,,No_status,,,,
Jonesiopsis,cristata,,3,4,,180,300,,1.5,2,,7,9,,6,8,,,,,,,,,,,,,,No_status,,,,
Jonesiopsis,denticulata,,2,4,,150,300,,2,3,,7,10,,15,18,,,,,,,,,,,,,,No_status,,,,
Jonesiopsis,dimidia,,2,7,,150,300,,2,3,,6,8,,7,11,,,,,,,,,,,,,,No_status,,,,
Jonesiopsis,dorrienii,,3,7,,100,200,,2.5,3,,7,10,,12,15,,,,,,,,,,,,,,No_status,,,,
Jonesiopsis,doutchiae,,3,8,,150,300,,2,2.5,,11,17,,8,12,,,,,,,,,,,,,,No_status,,,,
Jonesiopsis,dundasiae,,3,4,,150,350,,2,3,,4,6,,7,10,,,,,,,,,,,,,,No_status,,,,
Jonesiopsis,elegans,,3,7,,200,300,,2.5,3,,8,10,,12,15,,,,,,,,,,,,,,No_status,,,,
Jonesiopsis,erythrocila,,2,2,,200,250,,1.4,1.5,,2.5,3,,5.5,6,,,,,,,,,,,,,,No_status,,,,
Jonesiopsis,evanscens,,3,5,,200,350,,2,3,,NA,NA,,NA,NA,,*No medida labelo,,,,,,,,,,,,No_status,,,,
Jonesiopsis,exilis,exilis,4,7,,160,250,,2,2.5,,5,7,,8,12,,,,,,,,,,,,,,No_status,,,,
Jonesiopsis,filamentosa,,4,7,,300,450,,2.5,3,,3.5,5,,5.5,8,,,,,,,,,,,,,,No_status,,,,
Jonesiopsis,filifera,,2,4,,200,450,,2,3,,6,10,,10,15,,,,,,,,,,,,,,No_status,,,,
Jonesiopsis,flaccida,,4,6,,120,230,,1.5,2,,5.5,6.5,,7,10,,,,,,,,,,,,,,No_status,,,,
Jonesiopsis,footeana,,24,24,,60,220,,2,2.5,,6,8,,9,12,,,,,,,,,,,,,,No_status,,,,
Jonesiopsis,fuscolutescens,,3,3,,150,300,,2,3,,8,12,,12,17,,,,,,,,,,,,,,No_status,,,,
Jonesiopsis,hiemalis,,3,3,,150,300,,1.9,2,,5,8,,8,10,,,,,,,,,,,,,,No_status,,,,
Jonesiopsis,horistes,,4,7,,140,200,,2,3,,10,13,,12,16,,,,,,,,,,,,,,No_status,,,,
Jonesiopsis,incensa,,4,15,,150,300,,3,6,,10,13,,11,16,,,,,,,,,,,,,,No_status,,,,
Jonesiopsis,incrassata,,3,8,,150,300,,1.5,2,,12,13,,9,10,,,,,,,,,,,,,,No_status,,,,
Jonesiopsis,luteola,,3,5,,150,300,,2,3,,8,11,,10,20,,,,,,,,,,,,,,No_status,,,,
Jonesiopsis,melanema,,2,7,,80,150,,1.5,2.5,,6,8,,8,11,,,,,,,,,,,,,,No_status,,,,
Jonesiopsis,meridionals,,4,12,,150,300,,2,3,,6,10,,12,17,,,,,,,,,,,,,,No_status,,,,
Jonesiopsis,microchila,,2,4,,100,250,,1.5,2,,4,5,,4,6.5,,,,,,,,,,,,,,No_status,,,,
Jonesiopsis,multiclavia,,5,10,,100,250,,3,4,,14,16,,14,16,,,,,,,,,,,,,,No_status,,,,
Jonesiopsis,nobilis,,4,8,,200,400,,2.5,4,,12,16,,12,25,,,,,,,,,,,,,,No_status,,,,
Jonesiopsis,occidentalis,,3,4,,150,300,,2,2.5,,6,9,,8,12,,,,,,,,,,,,,,No_status,,,,
Jonesiopsis,pachychila,,4,5,,80,200,,1.5,3,,7,10,,8,12,,,,,,,,,,,,,,No_status,,,,
Jonesiopsis,paradoxa,,2,4,,120,300,,1.5,2,,5.5,7,,8,12,,,,,,,,,,,,,,No_status,,,,
Jonesiopsis,pendens,pendens,3,5,,150,300,,2,3,,9,12,,15,19,,,,,,,,,,,,,,No_status,,,,
Jonesiopsis,polychroma,,3,4,,200,300,,2,3,,10,13,,10,17,,,,,,,,,,,,,,No_status,,,,
Jonesiopsis,postea,,3,5,,160,200,,1.9,2,2,7,9,,8,14,,,,,,,,,,,,,,No_status,,,,
Jonesiopsis,pulchra,,3,5,,200,400,,1.5,2.5,,5,8,,8,11,,,,,,,,,,,,,,No_status,,,,
Jonesiopsis,radialis,,5,6,,150,350,,1.9,2,2,8,10,,12,15,,,,,,,,,,,,,,No_status,,,,
Jonesiopsis,remota,remota,5,7,,150,250,,2.5,5,,11,12,,13,18,,,,,,,,,,,,,,No_status,,,,
Jonesiopsis,roei,,3,5,,120,300,,1.5,2.5,,13,16,,8,11,,,,,,,,,,,,,,No_status,,,,
Jonesiopsis,sanguinea,,2,3,,60,160,,1.5,2,,4.5,5,,5.5,8,,,,,,,,,,,,,,No_status,,,,
Jonesiopsis,sigmoidea,,3,3,,50,150,,1,1.5,,5,6,,8,10,,,,,,,,,,,,,,No_status,,,,
Jonesiopsis,ultima,,2,4,,150,250,,2,2.5,,7,9,,12,15,,,,,,,,,,,,,,No_status,,,,
Jonesiopsis,voigtii,,2,6,,100,200,,2,3,,8,12,,10,12,,,,,,,,,,,,,,No_status,,,,
Jonesiopsis,vulgata,,3,4,,150,300,,1.5,3,,7,11,,9,15,,,,,,,,,,,,,,No_status,,,,
Jonesiopsis,wanosa,,3,3,,100,200,,0.9,1,1,8,10,,12,13,,,,,,,,,,,,,,No_status,,,,
Jonesiopsis,xantha,,3,5,,150,250,,2,2.5,,7,10,,10,15,,,,,,,,,,,,,,No_status,,,,
Leporella,fimbriata,,5,25,,100,250,,4,5,,4,5,,8,10,,,,,,,,,,,,,,No_status,,,,
Leptoceras,menziesii,,15,30,,80,250,,3.9,4,4,5.5,7,,5.5,7,,,,,,,,,,,,,,No_status,,,,
Linguella,clavigera,,5,10,,50,150,,NA,NA,,1.5,1.8,,3.5,5,,,,,,,,,,,,,,No_status,,,,
Linguella,dilatata,,NA,NA,,80,150,,NA,NA,,1.9,2,2,5.5,6.5,,,,,,,,,,,,,,No_status,,,,
Linguella,nana,,4,8,,50,150,,NA,NA,,1.5,1.8,,3.5,5,,,,,,,,,,,,,,No_status,,,,
Linguella,pyramidalis,,8,12,,100,350,,NA,NA,,NA,NA,,NA,NA,,,,,,,,,,,,,,No_status,,,,
Linguella,timothyi,,4,6,,60,130,,NA,NA,,1.5,2.2,,3,4,,,,,,,,,,,,,,No_status,,,,
Lyperanthus,serratus,,10,15,,250,500,,6,9,,7,9,,12,14,,,,,,,,,,,,,,No_status,,,,
Lyperanthus,suaveolens,,9,12,,300,450,,5,6,,6,7,,9,11,,,,,,,,,,,,,,No_status,,,,
Mecapodum,parvifolium,,1,2,,NA,NA,,2.9,3,3,3.5,4,,7,8,,,,,,,,,,,,,,No_status,,,,
Mecapodum,striatum,,0.5,1,,NA,NA,,3.9,4,4,2.9,3,3,6.5,7.5,,,,,,,,,,,,,,No_status,,,,
Microtidium,atratum,,2.9,3,3,50,120,,0.9,1,1,0.6,0.7,0.7,1.2,1.3,1.3,,,,,,,,,,,,,No_status,,,,
Microtis,alba,,7,10,,NA,NA,,2,2.5,,1,2,,4,7,,,,,,,,,,,,,,No_status,,,,
Microtis,angusii,,5,8,,NA,NA,,2,2.2,,1,1.2,,1.6,1.8,,,,,,,,,,,,,,No_status,,,,
Microtis,arenaria,,6,7,,NA,NA,,2.4,2.5,2.5,2.9,3,3,3.4,3.5,3.5,,,,,,,,,,,,,No_status,,,,
Microtis,brownii,,4,6,,NA,NA,,2.5,3,,1.9,2,2,3.5,4,,,,,,,,,,,,,,No_status,,,,
Microtis,densiflora,,5,8,,NA,NA,,2,2.5,,1,1.6,,2,3.5,,,,,,,,,,,,,,No_status,,,,
Microtis,eremaea,,5,7,,NA,NA,,1.1,1.2,,1.1,1.2,,1,2,,,,,,,,,,,,,,No_status,,,,
Microtis,eremicola,,5,8,,NA,NA,,2.5,3,,1.2,1.8,,3,3.5,,,,,,,,,,,,,,No_status,,,,
Microtis,familiaris,,2,3,,NA,NA,,1.5,2,,0.9,1,1,2,2.5,,,,,,,,,,,,,,No_status,,,,
Microtis,frutetorum,,5,8,,NA,NA,,1.9,2,2,1.1,1.2,1.2,1.9,2,2,,,,,,,,,,,,,No_status,,,,
Microtis,graniticola,,5,8,,NA,NA,,1.9,2,2,1.4,1.5,1.5,2.9,3,3,,,,,,,,,,,,,No_status,,,,
Microtis,media,,5,8,,NA,NA,,1.9,2,2,0.3,0.4,0.4,1.4,1.5,1.5,,,,,,,,,,,,,No_status,,,,
Microtis,oblonga,,6,8,,NA,NA,,2.9,3,3,1.5,1.8,,3,3.5,,,,,,,,,,,,,,No_status,,,,
Microtis,parviflora,,3,6,,NA,NA,,1.9,2,2,0.9,1,1,1.5,1.6,1.6,,,,,,,,,,,,,No_status,,,,
Microtis,pulchella,,3,4,,NA,NA,,2.9,3,3,4,4.5,,3,3.5,,,,,,,,,,,,,,No_status,,,,
Microtis,quadrata,,5,8,,NA,NA,,2.4,2.5,2.5,1.6,2,,2,2.5,,,,,,,,,,,,,,No_status,,,,
Microtis,rara,,3,5,,NA,NA,,2.9,3,3,1.5,1.6,1.6,2.9,3,3,,,,RA,,,,,,,,,No_status,"Backhouse, G. (2007)",,,
Microtis,unifolia,,3,8,,NA,NA,,1.9,2,2,1.4,1.5,1.5,2.4,2.5,2.5,,,,,,,,,,,,,No_status,,,,
Myrmechila,formicifera,,15,25,,60,100,,2.9,3,3,6,7.5,,7,10,,,,,,,,,,,,,,No_status,,,,
Myrmechila,platyptera,,15,22,,50,100,,3,3.2,,8,8.5,,9,10,,,,,,,,,,,,,,No_status,,,,
Myrmechila,trapeziformis,,15,25,,80,120,,3,4,,6,8,,8,12,,,,,,,,,,,,,,No_status,,,,
Myrmechila,trullata,,15,25,,50,75,,2,2.5,,5,6,,7,8,,,,,,,,,,,,,,No_status,,,,
Myrmechila,truncata,,14,16,,60,100,,2,2.5,,4,4.5,,7.5,8,,,,,,,,,,,,,,No_status,,,,
Nemacianthus,caudatus,,5,20,,50,250,,NA,NA,,2.5,3,,5,6,,,,,,,,,,,,,,No_status,,,,
Nematoceras,dienemum,,10,25,,NA,NA,,2.5,3,,5.9,6,6,9.9,10,10,,,,,,,,,,,,,No_status,,,,
Nematoceras,sulcatus,,12,20,,NA,NA,,4,5,,6,9,,9,11,,,,,,,,,,,,,,No_status,,,,
Nervilia,aragoana,,NA,NA,,200,350,,2,2.5,,9,12,,17,22,,,,,,,,,,,,,,No_status,,,,
Nervilia,crociformis,,NA,NA,,40,80,,2,2.5,,9,12.5,,15,18,,,,EN,,,,,,,,,,No_status,"Backhouse, G. (2007)",,,
Nervilia,dallachyana,,NA,NA,,120,180,,4,5,,15,20,,18,23,,,,,,,,,,,,,,No_status,,,,
Nervilia,holochila,,50,70,,150,250,,3,3.5,,10,14,,18,24,,,,,,,,,,,,,,No_status,,,,
Nervilia,peltata,,NA,NA,,60,100,,2,2.5,,5,6,,12,15,,,,,,,,,,,,,,No_status,,,,
Nervilia,uniflora,,NA,NA,,100,200,,2.5,3,,5,6,,14,18,,,,,,,,,,,,,,No_status,,,,
Oligochaetochilus,aciculiformis,,6,12,,100,250,,NA,NA,,1.9,2,2,3.9,4,4,,,,,,,,,,,,,No_status,,,,
Oligochaetochilus,arenicola,,6,12,,100,250,,NA,NA,,1.6,2.2,,5,7,,,,,,,,,,,,,,No_status,,,,
Oligochaetochilus,basalticus,,6,9,,100,300,,NA,NA,,2.7,3,,4.5,5.5,,,,,,,,,,,,,,No_status,,,,
Oligochaetochilus,bisetus,,7,12,,200,350,,NA,NA,,3.5,5,,6,7.5,,,,,,,,,,,,,,No_status,,,,
Oligochaetochilus,boormanii,,6,10,,50,200,,NA,NA,,1.9,2,2,5,5.5,,,,,,,,,,,,,,No_status,,,,
Oligochaetochilus,calceolus,,6,12,,100,200,,NA,NA,,1.9,2,2,4,4.5,,,,,,,,,,,,,,No_status,,,,
Oligochaetochilus,chaetophorus,,8,15,,150,350,,NA,NA,,2.9,3,3,5.5,6.5,,,,,,,,,,,,,,No_status,,,,
Oligochaetochilus,cheraphilus,,3,6,,60,250,,NA,NA,,3,3.5,,6,7,,,,,,,,,,,,,,No_status,,,,
Oligochaetochilus,ciliatus,,7,10,,100,220,,NA,NA,,1.9,2,2,4,5,,,,,,,,,,,,,,No_status,,,,
Oligochaetochilus,cobarensis,,6,10,,200,400,,NA,NA,,1.8,2.2,,5,5.5,,,,,,,,,,,,,,No_status,,,,
Oligochaetochilus,commutatus,,4,8,,100,250,,NA,NA,,3.5,4,,6,7,,,,,,,,,,,,,,No_status,,,,
Oligochaetochilus,despectans,,6,8,,30,50,,NA,NA,,1.9,2,2,NA,NA,,,,,,,,,,,,,,No_status,,,,
Oligochaetochilus,excelsus,,12,18,,300,900,,NA,NA,,1.6,2,,6,6.5,,,,,,,,,,,,,,No_status,,,,
Oligochaetochilus,frenchii,,12,25,,150,350,,NA,NA,,1.5,2.2,,4,4.5,,,,,,,,,,,,,,No_status,,,,
Oligochaetochilus,gibbosus,,5,15,,150,450,,NA,NA,,3,4,,4.5,5,,,,,,,,,,,,,,No_status,,,,
Oligochaetochilus,hamatus,,6,12,,200,400,,NA,NA,,2,2.5,,5,5.5,,,,,,,,,,,,,,No_status,,,,
Oligochaetochilus,insectifer,,8,12,,200,350,,NA,NA,,1.9,2,2,4,5,,,,,,,,,,,,,,No_status,,,,
Oligochaetochilus,leptochilus,,7,12,,150,250,,NA,NA,,1.9,2,2,5,6,,,,,,,,,,,,,,No_status,,,,
Oligochaetochilus,linguus,,8,12,,150,350,,NA,NA,,2.5,3,,6,7,,,,,,,,,,,,,,No_status,,,,
Oligochaetochilus,macrocalymmus,,8,16,,60,250,,NA,NA,,3.5,4,,7,8.5,,,,,,,,,,,,,,No_status,,,,
Oligochaetochilus,maximus,,8,14,,200,350,,NA,NA,,3.5,4,,6,7.5,,,,,,,,,,,,,,No_status,,,,
Oligochaetochilus,mitchellii,,6,20,,200,500,,NA,NA,,1.6,2,,4.5,5,,,,,,,,,,,,,,No_status,,,,
Oligochaetochilus,ovatus,,8,12,,80,150,,NA,NA,,2.9,3,3,6,7.5,,,,,,,,,,,,,,No_status,,,,
Oligochaetochilus,petrosus,,6,9,,90,150,,NA,NA,,3,3.5,,7,9,,,,,,,,,,,,,,No_status,,,,
Oligochaetochilus,pictus,,7,20,,150,500,,NA,NA,,2,2.5,,5,6,,,,,,,,,,,,,,No_status,,,,
Oligochaetochilus,planulatus,,5,8,,100,200,,NA,NA,,3,3.5,,5.5,7,,,,,,,,,,,,,,No_status,,,,
Oligochaetochilus,praetermissus,,8,17,,150,250,,NA,NA,,2.4,2.5,2.5,5,5.5,,,,,,,,,,,,,,No_status,,,,
Oligochaetochilus,pusillus,,5,10,,80,250,,NA,NA,,1.4,1.5,1.5,3,3.5,,,,,,,,,,,,,,No_status,,,,
Oligochaetochilus,roensis,,5,18,,150,300,,NA,NA,,1.9,2,2,4.5,5,,,,,,,,,,,,,,No_status,,,,
Oligochaetochilus,rufus,,7,13,,80,200,,NA,NA,,2,2.5,,3,4,,,,,,,,,,,,,,No_status,,,,
Oligochaetochilus,saxicola,,5,15,,150,350,,NA,NA,,2.5,3.5,,4.5,6,,,,,,,,,,,,,,No_status,,,,
Oligochaetochilus,setifer,,6,12,,150,300,,NA,NA,,2,2.5,,4,4.5,,,,,,,,,,,,,,No_status,,,,
Oligochaetochilus,spathulatus,,7,14,,150,350,,NA,NA,,3,3.5,,4.5,5.5,,,,,,,,,,,,,,No_status,,,,
Oligochaetochilus,squamatus,,7,12,,100,300,,NA,NA,,2.4,2.5,2.5,4,4.5,,,,,,,,,,,,,,No_status,,,,
Oligochaetochilus,validus,,10,12,,199,200,200,NA,NA,,1.9,2,2,7.9,8,8,,,,,,,,,,,,,No_status,,,,
Oligochaetochilus,woollsii,,8,20,,200,450,,NA,NA,,3,4,,10,11,,,,,,,,,,,,,,No_status,,,,
Oligochaetochilus,xerophilus,,9,13,,120,200,,NA,NA,,2,2.5,,4,4.5,,,,,,,,,,,,,,No_status,,,,
Orthrocesar,strictum,,2,3,,300,600,,8,10,,NA,NA,,6,10,,,,,,,,,,,,,,No_status,,,,
Oxysepala,gadgarrensis,,3,4,,3,5,,NA,NA,,0.6,0.7,0.7,0.9,1,1,,,,,,,,,,,,,No_status,,,,
Oxysepala,grandimesensis,,3,5,,1.4,1.5,1.5,2,2.5,,1.2,1.3,1.3,2.2,2.4,2.4,,,,,,,,,,,,,No_status,,,,
Oxysepala,lamingtonensis,,6,14,,2,3,,1,1.5,,1.7,1.8,1.8,2.1,2.2,2.2,,,,,,,,,,,,,No_status,,,,
Oxysepala,lewisensis,,3,5,,3.4,3.5,3.5,1.5,2,,0.9,1,1,1.9,2,2,,,,,,,,,,,,,No_status,,,,
Oxysepala,schilleriana,schilleriana,15,25,,3,4,,1,2,,0.9,1,1,1.9,2,2,,,,,,,,,,,,,No_status,,,,
Oxysepala,shepherdii,,6,8,,5,9,,1.5,2,,0.9,1,1,1.9,2,2,,,,,,,,,,,,,No_status,,,,
Oxysepala,wadsworthii,,6,8,,3,5,,1.5,2,,0.6,0.7,0.7,0.9,1,1,,,,,,,,,,,,,No_status,,,,
Oxysepala,windsorensis,,4,6,,4,6,,3.5,4.5,,1.6,2,,2,2.5,,,,,,,,,,,,,,No_status,,,,
Peristylus,banfieldii,,40,80,,300,500,,3,4,,4,7,,5,8,,,EN,,EN,EN,,,,,,,,No_status,"Backhouse, G. (2007)",,,
Peristylus,candidus,,20,25,,120,350,,2.9,3,3,3.9,4,4,5,6,,,,,,,,,,,,,,No_status,,,,
Peristylus,chlorandrellus,,25,30,,100,600,,1.5,1.8,,7,8,,4,4.5,,,,,,,,,,,,,,No_status,,,,
Petalochilus,alatus,,1,1,,69,140,,1.9,2,2,5,6,,4,5,,,,,,,,,,,,,,No_status,,,,
Petalochilus,atrochulis,,2,3,,60,160,,2.5,3,,6.5,7,,5.5,6.5,,,,,,,,,,,,,,No_status,,,,
Petalochilus,attenuatus,,1,1,,120,240,,1.9,2,2,5,5,,4.9,5,5,,,,,,,,,,,,,No_status,,,,
Petalochilus,aurantiacus,,2,2,,50,170,,1.9,2,2,5,5.5,,4.5,5,,,,,,,,,,,,,,No_status,,,,
Petalochilus,campbellii,,2,3,,80,140,,2.9,3,3,6,7,,5.5,6.5,,,,,,,,,,,,,,No_status,,,,
Petalochilus,carneus,,3,4,,120,250,,3,4,,5.5,7,,5.5,7,,,,,,,,,,,,,,No_status,,,,
Petalochilus,catenatus,,3,4,,120,300,,3,3.5,,6,8,,8,10,,,,,,,,,,,,,,No_status,,,,
Petalochilus,chamaephyllus,,3.5,5.5,,80,160,,2.5,3,,6.5,7,,7,8.5,,,,,,,,,,,,,,No_status,,,,
Petalochilus,cleistanthus,,1,1.5,,50,120,,2,2.5,,5,6.5,,4.5,6,,,,,,,,,,,,,,No_status,,,,
Petalochilus,coactilis,,4,8,,100,180,,4,5.5,,9,11,,8,11,,,,,,,,,,,,,,No_status,,,,
Petalochilus,curtisepalus,,1.5,2,,50,180,,3,3.5,,7,8,,6,7,,,,,,,,,,,,,,No_status,,,,
Petalochilus,fuscatus,,2,2.5,,50,120,,1.9,2,2,5,5.5,,5,6,,,,,,,,,,,,,,No_status,,,,
Petalochilus,gracillimus,,2,3,,100,200,,2.5,4,,5,7,,6,8,,,,,,,,,,,,,,No_status,,,,
Petalochilus,hillmanii,,3,4,,150,250,,2.5,3.5,,8,10,,6,8,,,,,,,,,,,,,,No_status,,,,
Petalochilus,maritiimus,,1,2.5,,100,200,,2,2.5,,5.5,7.5,,7,9,,,,,,,,,,,,,,No_status,,,,
Petalochilus,mentiens,,0.8,1.3,,40,160,,2.4,2.5,2.5,5,6,,5,5.5,,,,,,,,,,,,,,No_status,,,,
Petalochilus,ornatus,,2.5,3,,100,180,,2.9,3,3,6,7.5,,5,5.5,,,,,,,,,,,,,,No_status,,,,
Petalochilus,pictus,,2,3,,80,150,,3,4,,5,7,,7,10,,,,,,,,,,,,,,No_status,,,,
Petalochilus,porphyreus,,2.5,4.5,,200,350,,3,4,,8,10,,8,11,,,,,,,,,,,,,,No_status,,,,
Petalochilus,prolattus,,3,4.5,,120,200,,2.5,3.5,,5.5,6.5,,5,6,,,,,,,,,,,,,,No_status,,,,
Petalochilus,pusillus,,2,2,,40,100,,2.5,2.8,,4,5,,4,5,,,,,,,,,,,,,,No_status,,,,
Petalochilus,quadrifarius,,3,3.5,,100,200,,3,4,,7,9,,7,9,,,,,,,,,,,,,,No_status,,,,
Petalochilus,sylvicola,,2,2,,100,160,,1.8,1.8,,6.5,7,,5.5,6.5,,,,,,,,,,,,,,No_status,,,,
Petalochilus,tonelli,,2.5,3.5,,250,350,,3.5,4.5,,7,9.5,,7,10,,,,,,,,,,,,,,No_status,,,,
Petalochilus,vulgaris,,2,3,,150,360,,2.5,4,,5.5,7.5,,5,7,,,,,,,,,,,,,,No_status,,,,
Petalochilus,xantholeucus,,5,7,,150,250,,3,4,,6,7,,6.5,8,,,,,,,,,,,,,,No_status,,,,
Phaius,amboinensis,,70,140,,300,900,,7,8,,20,25,,25,30,,,,,,,,,,,,,,No_status,,,,
Phaius,australis,australis,80,100,,500,2000,,12,16,,40,45,,50,60,,,EN,,EN,,,,,,,,,No_status,"Backhouse, G. (2007)",,,
Phaius,pictus,,70,100,,300,900,,10,12,,13,15,,15,17,,,EN,,EN,EN,,,,,,,,No_status,"Backhouse, G. (2007)",,,
Pheladenia,deformis,,3,5,,50,150,,3.9,4,4,5,6,,7,10,,,,,,,,,,,,,,No_status,,,,
Phoringopsis,byrnesii,,15,20,,150,300,,2.5,3,,2.4,2.5,2.5,5.4,5.5,5.5,,,,,,,,,,,,,No_status,,,,
Phoringopsis,dockrilli,,6,10,,150,300,,1.5,1.8,,2.4,2.5,2.5,6.9,7,7,,,,,,,,,,,,,No_status,,,,
Phoringopsis,lavarackiana,,5,15,,100,300,,1.5,2,,2.2,2.3,2.3,6,7,,,,,,,,,,,,,,No_status,,,,
Plectorrhiza,brevilabris,,10,15,,NA,NA,,1.9,2,2,3,3.5,,6,7,,,,,,,,,,,,,,No_status,,,,
Plectorrhiza,erecta,,12,18,,NA,NA,,0.9,1,1,3.9,4,4,2.9,3,3,,,,,,,,,,,,,No_status,,,,
Plectorrhiza,tridentata,,10,15,,NA,NA,,1.9,2,2,3.9,4,4,6,7,,,,,,,,,,,,,,No_status,,,,
Plexaure,crassiuscula,,9.9,10,10,NA,NA,,0.5,0.6,0.6,0.6,0.7,0.7,0.6,0.7,0.7,,,,,,,,,,,,,No_status,,,,
Plexaure,limenophylax,,2,4,,NA,NA,,NA,NA,,0.4,0.5,0.5,0.3,0.4,0.4,,,,,,,,,,,,,No_status,,,,
Plexaure,listeri,,2,5,,NA,NA,,0.3,0.4,0.4,0.9,1,1,0.9,1,1,,,,,,,,,,,,,No_status,,,,
Praecoxanthus,aphyllus,,6,8,,200,450,,3,3.5,,6,8,,8,13,,,,,,,,,,,,,,No_status,,,,
Prasophyllum,affine,,3,5,,NA,NA,,3.5,4,,3.5,5,,6,8,,,EN,,,,,,EN,,,,,No_status,"Backhouse, G. (2007)",,,
Prasophyllum,alpestre,,4,8,,NA,NA,,3,4.5,,4,6,,6.5,10.5,,,,,,,,,,,,,,No_status,,,,
Prasophyllum,alpinum,,2,5,,NA,NA,,1.9,2,2,2,2.3,,3,4,,,,,,,,,,,,,,No_status,,,,
Prasophyllum,amoenum,,2,4,,NA,NA,,2.4,2.5,2.5,3,3.5,,5.5,6.5,,,EN,,,,,,EN,,,,,No_status,"Backhouse, G. (2007)",,,
Prasophyllum,appendiculatum,,3,5,,NA,NA,,4,4.5,,4.5,5.5,,6,8,,,,,,,,,,,,,,No_status,,,,
Prasophyllum,atratum,,4,5,,NA,NA,,3,3.5,,3,4,,4.5,5.5,,,,,,,,,,,,,,No_status,,,,
Prasophyllum,australe,,7,10,,NA,NA,,3,4,,2.5,4,,8,11,,,,,,EN,,,,,,,,No_status,"Backhouse, G. (2007)",,,
Prasophyllum,barnettii,,4,6,,NA,NA,,3,4,,3.5,4.5,,6.5,8,,,,,,,,,,,,,,No_status,,,,
Prasophyllum,brevilabre,,4,7,,NA,NA,,3,4,,3.5,4,,6,8,,,,,,,,,,,,,,No_status,,,,
Prasophyllum,brownii,,7,10,,NA,NA,,4,5,,7,8.5,,9,11.5,,,,,,,,,,,,,,No_status,,,,
Prasophyllum,calcicola,,1,2,,NA,NA,,1.5,2,,1.4,1.5,1.5,2,2.5,,,,,RA,,,,,,,,,No_status,"Backhouse, G. (2007)",,,
Prasophyllum,campestre,,3,5,,NA,NA,,2.9,3,3,3.5,4,,6,8,,,CR,,,,,,EN,,,,,No_status,"Backhouse, G. (2007)",,,
Prasophyllum,canaliculatum,,3,5,,NA,NA,,4,5,,5,6,,6,7.5,,,,,,,,,,,,,,No_status,,,,
Prasophyllum,candidum,,4,8,,NA,NA,,3.9,4,4,6,7,,9,12,,,,,,,,,,,,,,No_status,,,,
Prasophyllum,caricetum,,4,8,,NA,NA,,3.5,4.5,,4,6,,8,14,,,,,,,,,,,,,,No_status,,,,
Prasophyllum,castaneum,,6,7,,NA,NA,,3.9,4,4,4.5,5,,6.5,7.5,,,EN,,,,,TH,,,,,,No_status,"Backhouse, G. (2007)",,,
Prasophyllum,caudiculum,,3,7,,NA,NA,,3,3.5,,4.5,5,,5,6,,,,,,,,,,,,,,No_status,,,,
Prasophyllum,chasmogamum,,5,7,,NA,NA,,3,3.5,,3,4.5,,7,9,,,VU,,,,,,,,,,,No_status,"Backhouse, G. (2007)",,,
Prasophyllum,concinnum,,3,5,,NA,NA,,3,4,,3.5,5.5,,5,8,,,,,,,,,,,,,,No_status,,,,
Prasophyllum,constrictum,,3,5,,NA,NA,,3.4,3.5,3.5,3.5,4.5,,7,9,,,EN,,,,,TH,,,,,,No_status,"Backhouse, G. (2007)",,,
Prasophyllum,crebriflorum,,NA,NA,,NA,NA,,2.5,3,,3,3.5,,5,6,,,,,,,,,,,,,,No_status,,,,
Prasophyllum,cyphochilum,,1,2,,NA,NA,,2.9,3,3,4,4.5,,5,6,,,,,,,,,,,,,,No_status,,,,
Prasophyllum,diversiflorum,,4,6,,NA,NA,,3,4,,5,6,,6,9,,,,,RA,,,,,,,,,No_status,"Backhouse, G. (2007)",,,
Prasophyllum,dossenum,,5,8,,NA,NA,,4,5,,5,6,,8,12,,,,,,,,,,,,,,No_status,,,,
Prasophyllum,drummondii,,5,9,,NA,NA,,2,2.5,,4,5,,8,10,,,,,,,,,,,,,,No_status,,,,
Prasophyllum,elatum,,10,15,,NA,NA,,3,5,,5.9,6,6,8,9,,,,,,,,,,,,,,No_status,,,,
Prasophyllum,exilis,,2,3,,NA,NA,,1.9,2,2,2.9,3,3,5.5,7,,,CR,,,,,,EN,,,,,No_status,"Backhouse, G. (2007)",,,
Prasophyllum,fecundum,,2,4,,NA,NA,,2.5,3,,2.5,3,,4,5,,,,,,,,TH,,,,,,No_status,"Backhouse, G. (2007)",,,
Prasophyllum,fimbria,,6,10,,NA,NA,,3,4.5,,6,7,,8,15,,,,,,,,,,,,,,No_status,,,,
Prasophyllum,fitzgeraldii,,3,5,,NA,NA,,2.5,3,,3,3.5,,4.5,5.5,,,,,,,,TH,,,,,,No_status,"Backhouse, G. (2007)",,,
Prasophyllum,flavum,,4.9,5,5,NA,NA,,2.9,3,3,3,4,,5,7,,,,,,,,,,,,,,No_status,,,,
Prasophyllum,frenchii,,5,8,,NA,NA,,4.5,5.5,,5,6,,5,6,,,VU,,,VU,,,,,,,,No_status,"Backhouse, G. (2007)",,,
Prasophyllum,giganteum,,6,10,,NA,NA,,3.5,5,,5,6,,8,11,,,,,,,,,,,,,,No_status,,,,
Prasophyllum,gilgai,,3,5,,NA,NA,,3,3.5,,2,3,,5.5,6.5,,,,,,,,,,,,,,No_status,,,,
Prasophyllum,goldsackii,,2,4,,NA,NA,,2,2.5,,1.5,2,,4,4.5,,,,,,,,,EN,,,,,No_status,"Backhouse, G. (2007)",,,
Prasophyllum,gracile,,1,2,,NA,NA,,1.4,1.5,1.5,1.9,2,2,2.9,3,3,,,,,,,,,,,,,No_status,,,,
Prasophyllum,hians,,2,4,,NA,NA,,2.5,3,,3.5,4.5,,8,9,,,,,,,,,,,,,,No_status,,,,
Prasophyllum,hygrophilum,,3,6,,NA,NA,,3,4.5,,5,6,,7,9,,,,,,,,,,,,,,No_status,,,,
Prasophyllum,incopositum,,5,8,,NA,NA,,3,4.5,,3.9,4,4,9,11,,,,,,,,TH,,,,,,No_status,"Backhouse, G. (2007)",,,
Prasophyllum,incorrectum,,5,7,,NA,NA,,2.9,3,3,3.5,4,,6,8,,,,,RA,,,,,,,,,No_status,"Backhouse, G. (2007)",,,
Prasophyllum,incurvum,,3,5,,NA,NA,,3,3.5,,4,5,,8.5,10.5,,,,,,,,,,,,,,No_status,,,,
Prasophyllum,limnetes,,4,6,,NA,NA,,3,3.5,,3,3.5,,6,7,,,,,,,,,,,,,,No_status,,,,
Prasophyllum,lindleyanum,,5,6,,NA,NA,,1.9,2,2,2.9,3,3,5,6,,,,,,,,,,,,,,No_status,,,,
Prasophyllum,litorale,,5,9,,NA,NA,,3.5,4.5,,5,6.5,,6,7,,,CR,,,,,,EN,,,,,No_status,"Backhouse, G. (2007)",,,
Prasophyllum,maccanii,,6,8,,NA,NA,,3,4,,3,4.5,,7,11,,,,,,,,,,,,,,No_status,,,,
Prasophyllum,macrostachyum,,2,3,,NA,NA,,1.8,2.2,,1.9,2,2,3.2,3.5,,,,,,,,,,,,,,No_status,,,,
Prasophyllum,macrotys,,8,12,,NA,NA,,3,4.5,,4.9,5,5,8,9,,,,,,,,,,,,,,No_status,,,,
Prasophyllum,milfordense,,6,8,,NA,NA,,3.5,4,,3.5,4,,8,9,,,,,,,,,EN,,,,,No_status,"Backhouse, G. (2007)",,,
Prasophyllum,mimulum,,3,5,,NA,NA,,3,4,,5,8,,3,5,,,,,,,,,,,,,,No_status,,,,
Prasophyllum,montanum,,6,10,,NA,NA,,3,4,,4,5,,7,9,,,VU,,,,,TH,,,,,,No_status,"Backhouse, G. (2007)",,,
Prasophyllum,morganii,,3,5,,NA,NA,,2.4,2.5,2.5,2.9,3,3,2.7,2.8,2.8,,,,,,,TH,,,,,,No_status,"Backhouse, G. (2007)",,,
Prasophyllum,murfetii,,3,6,,NA,NA,,3.5,4.5,,4,4.5,,5.5,6.5,,,,,,,,,,,,,,No_status,,,,
Prasophyllum,occidentale,,2,5,,NA,NA,,3,3.5,,3.4,3.5,3.5,4.5,5.5,,,,,,,,,,,,,,No_status,,,,
Prasophyllum,occultans,,3,5,,NA,NA,,2.5,3,,3,3.5,,4.5,5.5,,,CR,,,,,,EN,,,,,No_status,"Backhouse, G. (2007)",,,
Prasophyllum,odoratissimum,,4,7,,NA,NA,,4.7,4.8,4.8,5,5.5,,9,11,,,,,,,,,,,,,,No_status,,,,
Prasophyllum,odoratum,,4,6,,NA,NA,,3.5,4,,4.4,4.5,4.5,10,13,,,,,,,,,,,,,,No_status,,,,
Prasophyllum,ovale,,1,2,,NA,NA,,2.5,3,,3,3.5,,6,7,,,,,,,,,,,,,,No_status,,,,
Prasophyllum,pallens,,3,4,,NA,NA,,2.5,3,,5.5,6,,10,12,,,,,,,,,,,,,,No_status,,,,
Prasophyllum,pallidum,,3,5,,NA,NA,,2.5,3,,3,3.5,,4.5,5.5,,,CR,,,,,,EN,,,,,No_status,"Backhouse, G. (2007)",,,
Prasophyllum,parviflorum,,3,4,,NA,NA,,2.4,2.5,2.5,2.9,3,3,4,4.5,,,,,,,,,,,,,,No_status,,,,
Prasophyllum,patents,,4,6,,NA,NA,,1.5,2,,2.4,2.5,2.5,6,7,,,,,,,,,,,,,,No_status,,,,
Prasophyllum,paulinae,,4,5,,NA,NA,,1.9,2,2,3.5,4,,5,5.5,,,,,,,,,,,,,,No_status,,,,
Prasophyllum,perangustum,,5,5,,NA,NA,,2.9,3,3,2.6,3.2,,6,7,,,EN,,,EN,,,,,,,,No_status,"Backhouse, G. (2007)",,,
Prasophyllum,plumiforme,,1,2,,NA,NA,,1.9,2,2,3.4,3.5,3.5,3.9,4,4,,,,,,,,,,,,,No_status,,,,
Prasophyllum,pruinosum,,3,6,,NA,NA,,3.9,4,4,3.5,4,,7,8,,,CR,,,,EN,,EN,,,,,No_status,"Backhouse, G. (2007)",,,
Prasophyllum,pulchellum,,3,5,,NA,NA,,2.99,3,3,3,3.5,,6,7,,,,,,,,,EN,,,,,No_status,"Backhouse, G. (2007)",,,
Prasophyllum,pyriforme,,4,8,,NA,NA,,3.5,4.5,,4,4.5,,6,8,,,,,,VU,,,,,,,,No_status,"Backhouse, G. (2007)",,,
Prasophyllum,raedii,,4,6,,NA,NA,,3,4,,4,5,,6,8,,,,,,,,,,,,,,No_status,,,,
Prasophyllum,retroflexum,,3,6,,NA,NA,,2.5,3,,3,3.5,,4,4.5,,,CR,,,,,,EN,,,,,No_status,"Backhouse, G. (2007)",,,
Prasophyllum,robustum,,8,12,,NA,NA,,4.9,5,5,5.5,6.5,,11,13,,,EN,,,,,,VU,,,,,No_status,"Backhouse, G. (2007)",,,
Prasophyllum,rogersii,,4,6,,NA,NA,,3,3.5,,4.5,5,,5,6,,,,,,,,,,,,,,No_status,,,,
Prasophyllum,rostratum,,5,8,,NA,NA,,3.5,4.5,,4.5,5,,6,8,,,,,,,,,,,,,,No_status,,,,
Prasophyllum,rotundiflorum,,4,6,,NA,NA,,3.5,4,,4.4,4.5,4.5,10,13,,,,,,,,,,,,,,No_status,,,,
Prasophyllum,sargentii,,6,10,,NA,NA,,3.5,5,,3,4,,8,10,,,,,,,,,,,,,,No_status,,,,
Prasophyllum,solstitium,,3,6,,NA,NA,,3,4,,4,4.5,,5,6,,,,,,,,,,,,,,No_status,,,,
Prasophyllum,sphacelatum,,2,4,,NA,NA,,3,4,,3,3.5,,6,7.5,,,,,,,,,,,,,,No_status,,,,
Prasophyllum,spicatum,,4,8,,NA,NA,,2,3,,5,6,,7,10,,,CR,,,,,,EN,,,,,No_status,"Backhouse, G. (2007)",,,
Prasophyllum,stellatum,,7,10,,NA,NA,,3.9,4,4,5,5.5,,12,14,,,EN,,,,,TH,,,,,,No_status,"Backhouse, G. (2007)",,,
Prasophyllum,suaveolens,,2,4,,NA,NA,,2,2.3,,2,3,,6,9,,,EN,,,,,TH,,,,,,No_status,"Backhouse, G. (2007)",,,
Prasophyllum,subbisectum,,2,4,,NA,NA,,2.5,3,,2.9,3,3,4,5,,,,,,,,TH,,,,,,No_status,"Backhouse, G. (2007)",,,
Prasophyllum,suttonii,,4.9,5,5,NA,NA,,3.9,4,4,3.9,4,4,6.9,7,7,,,,,,,,RA,,,,,No_status,"Backhouse, G. (2007)",,,
Prasophyllum,sylvestre,,4,8,,NA,NA,,2.4,2.5,,2,3,,6,9,,,,,,,,,,,,,,No_status,,,,
Prasophyllum,tadgellianum,,4,8,,NA,NA,,2.3,2.6,,2.4,2.5,2.5,4.4,4.5,4.5,,,,,,,,EN,,,,,No_status,"Backhouse, G. (2007)",,,
Prasophyllum,taphanyx,,3,5,,NA,NA,,2.4,2.5,2.5,2.6,3,,2.8,3,,,EN,,,,,,EN,,,,,No_status,"Backhouse, G. (2007)",,,
Prasophyllum,triangulare,,5,8,,NA,NA,,2,2.5,,4.9,5,5,8,9,,,,,,,,,,,,,,No_status,,,,
Prasophyllum,truncatum,,6,8,,NA,NA,,2.9,3,3,3.5,4,,7.5,8,,,,,,,,,,,,,,No_status,,,,
Prasophyllum,tunbridgense,,4,6,,NA,NA,,4,4.5,,5.5,6,,9,12,,,EN,,,EN,,,,,,,,No_status,"Backhouse, G. (2007)",,,
Prasophyllum,validum,,5,9,,NA,NA,,4,4.5,,5,5.5,,8,9.5,,,VU,,VU,,,,,,,,,No_status,"Backhouse, G. (2007)",,,
Prasophyllum,wallum,,7,10,,NA,NA,,3,4,,5,6,,7,8,,,,,,EN,,,,,,,,No_status,"Backhouse, G. (2007)",,,
Prasophyllum,wilkinsoniorum,,4,8,,NA,NA,,3.5,4.5,,4.5,5.5,,7.5,8.5,,,,,,,,,,,,,,No_status,,,,
Pterostylis,acuminata,,8,20,,150,250,,NA,NA,,3.5,4,,14,16,,,,,,,,,,,,,,No_status,,,,
Pterostylis,alpina,,15,30,,120,300,,NA,NA,,3,3.5,,12,14,,,,,,,,,,,,,,No_status,,,,
Pterostylis,anatona,,9,18,,60,180,,NA,NA,,3.5,4.5,,18,22,,,,,,,,,,,,,,No_status,,,,
Pterostylis,aneba,,8,16,,10,200,,NA,NA,,3,3.5,,15,18,,,,,,,,,,,,,,No_status,,,,
Pterostylis,baptisii,,20,25,,200,400,,NA,NA,,5,6,,18,22,,,,,,,,TH,,,,,,No_status,"Backhouse, G. (2007)",,,
Pterostylis,crassichila,,15,23,,150,300,,NA,NA,,4,5,,20,23,,,,,,,,,,,,,,No_status,,,,
Pterostylis,dubia,,8,20,,80,200,,NA,NA,,2.9,3,3,13,17,,,,,,,,,,,,,,No_status,,,,
Pterostylis,erecta,,10,22,,150,300,,NA,NA,,2,2.5,,6,7,,,,,,,,,,,,,,No_status,,,,
Pterostylis,falcata,,14,25,,150,300,,NA,NA,,3,4,,25,34,,,,,,,,,RA,,,,,No_status,"Backhouse, G. (2007)",,,
Pterostylis,hildae,,6,25,,80,200,,NA,NA,,3.9,4,4,11,13,,,,,,,,,,,,,,No_status,,,,
Pterostylis,lustra,,8,15,,80,200,,NA,NA,,3,3.5,,15,25,,,,,,,,,,,,,,No_status,,,,
Pterostylis,monticola,,15,25,,200,400,,NA,NA,,3.5,4.5,,16,20,,,,,,,,,,,,,,No_status,,,,
Pterostylis,nutans,,10,30,,80,300,,NA,NA,,3.9,4,4,14,18,,,,,,,,,,,,,,No_status,,,,
Pterostylis,oblonga,,10,20,,80,220,,NA,NA,,1.9,2,2,5,6,,,,,,,,,,,,,,No_status,,,,
Pterostylis,oreophila,,20,30,,80,200,,NA,NA,,4,5,,13,20,,,,,,,,,,,,,,No_status,,,,
Pterostylis,pedunculata,,8,20,,60,250,,NA,NA,,2.5,3,,5,7,,,,,,,,,,,,,,No_status,,,,
Pterostylis,procera,,8,20,,200,350,,NA,NA,,4,5,,15,18,,,,,,,,,,,,,,No_status,,,,
Pterostylis,ripidaria,,10,25,,50,200,,NA,NA,,3,3.5,,28,35,,,,,,,,,,,,,,No_status,,,,
Pterostylis,scabrida,,8,20,,80,250,,NA,NA,,2.9,3,3,12,15,,,,,,,,,,,,,,No_status,,,,
Pterostylis,stricta,,10,20,,100,300,,NA,NA,,3.9,4,4,14,16,,,,,,,,,,,,,,No_status,,,,
Pterostylis,subtilis,,15,25,,120,250,,NA,NA,,3,3.5,,16,20,,,,,,,,,,,,,,No_status,,,,
Pyrorchis,forrestii,,20,35,,100,300,,7,8,,7,8,,13,16,,,,,,,,,,,,,,No_status,,,,
Pyrorchis,nigricans,,40,80,,100,300,,5,7,,6,8,,10,12,,,,,,,,,,,,,,No_status,,,,
Rimacola,elliptica,,20,30,,150,250,,5,6,,7,8,,10,12,,,,,,,,,,,,,,No_status,,,,
Sarcochilus,aequalis,,15,20,,NA,NA,,5,7,,2.4,2.5,2.5,2.4,2.5,2.5,,,,,,,,,,,,,No_status,,,,
Sarcochilus,argochilus,,30,40,,NA,NA,,3,4,,4,5,,6,8,,,,,,,,,,,,,,No_status,,,,
Sarcochilus,australis,,10,14,,NA,NA,,3,4.5,,NA,NA,,3,5,,,,,,,,,,,,,,No_status,,,,
Sarcochilus,borealis,,15,20,,NA,NA,,3,3.5,,3,4,,5,7,,,,,,,,,,,,,,No_status,,,,
Sarcochilus,ceciliae,,8,10,,NA,NA,,2.9,3,3,NA,NA,,2,3,,,,,,,,,,,,,,No_status,,,,
Sarcochilus,dilatatus,,9.9,10,10,NA,NA,,2,3,,NA,NA,,2,4,,,,,,,,,,,,,,No_status,,,,
Sarcochilus,eriochilus,,3,5,,NA,NA,,2.4,2.5,2.5,NA,NA,,1.9,2,2,,,,,,,,,,,,,No_status,,,,
Sarcochilus,falcatus,,15,20,,NA,NA,,5,7,,NA,NA,,4,6,,,,,,,,,,,,,,No_status,,,,
Sarcochilus,fitzgeraldii,,10,15,,NA,NA,,6,8,,NA,NA,,5,7,,,,,,,,,,,,,,No_status,,,,
Sarcochilus,hartmannii,,15,20,,NA,NA,,5,8,,NA,NA,,2,3,,,,,,,,,,,,,,No_status,,,,
Sarcochilus,hillii,,2.9,3,3,NA,NA,,3,4,,3,4,,4,5,,,,,,,,,,,,,,No_status,,,,
Sarcochilus,hirticalcar,,10,15,,NA,NA,,2.9,3,3,4.9,5,5,6.9,7,7,,,,,,,,,,,,,No_status,,,,
Sarcochilus,minutiflos,,3,5,,NA,NA,,3,4,,NA,NA,,3.9,4,4,,,,,,,,,,,,,No_status,,,,
Sarcochilus,parviflorus,,30,40,,NA,NA,,3.5,4.5,,4,5,,6,8,,,,,,,,,,,,,,No_status,,,,
Sarcochilus,roseus,,4,8,,NA,NA,,2.9,3,3,2.9,3,3,3.9,4,4,,,,,,,,,,,,,No_status,,,,
Sarcochilus,serrulatus,,19.9,20,20,NA,NA,,5,6,,3.9,4,4,3.9,4,4,,,,,,,,,,,,,No_status,,,,
Sarcochilus,spathulatus,,14,17,,NA,NA,,2,3,,NA,NA,,4.9,5,5,,,,,,,,,,,,,No_status,,,,
Sarcochilus,weinthalii,,10,12,,NA,NA,,3,4,,NA,NA,,1.4,1.5,1.5,,,,,,,,,,,,,No_status,,,,
Serpenticaulis,bowkettiae,,8,12,,6,10,,1.5,2.5,,0.6,0.7,0.7,2,2.5,,,,,,,,,,,,,,No_status,,,,
Serpenticaulis,johnsonii,,15,20,,20,30,,3,4,,1.4,1.5,1.5,6,8,,,,,,,,,,,,,,No_status,,,,
Serpenticaulis,whitei,,7,15,,20,30,,2,3,,1.4,1.5,1.5,5,6,,,,,,,,,,,,,,No_status,,,,
Serpenticaulis,wolfei,,3,6,,2,3,,1.8,2,,1.9,2,2,4.5,4.8,,,,,,,,,,,,,,No_status,,,,
Simpliglottis,chlorantha,,10,18,,35,55,,6,9,,9,12,,12,13,,,,,,,,,,,,,,No_status,,,,
Simpliglottis,cornuta,,20,40,,20,40,,5,7,,7,8,,9,12,,,,,,,,,,,,,,No_status,,,,
Simpliglottis,grammata,,20,25,,20,40,,8,11,,7,10,,8,11,,,,,,,,,,,,,,No_status,,,,
Simpliglottis,gunnii,,15,20,,60,100,,7,11,,10,15,,10,13,,,,,,,,,,,,,,No_status,,,,
Simpliglottis,jeanesii,,20,30,,45,70,,7,9,,9,12,,10,13,,,,,,,,,,,,,,No_status,,,,
Simpliglottis,pluricallata,,20,30,,50,75,,7,9,,9,12,,11,12.5,,,,,,,,,,,,,,No_status,,,,
Simpliglottis,triceratops,,10,25,,15,40,,8,11,,9,13,,12,15,,,,,,,,,,,,,,No_status,,,,
Simpliglottis,turfosa,,15,30,,20,30,,6,8,,11,12,,12,13,,,,,,,,,,,,,,No_status,,,,
Simpliglottis,valida,,20,40,,40,70,,4,7,,12,16,,14,18.5,,,,,,,,,,,,,,No_status,,,,
Speculantha,aphylla,,3,8,,70,150,,NA,NA,,0.9,1,1,2.9,9,9,,,,,,,,,,,,,No_status,,,,
Speculantha,atriola,,4,9,,200,350,,NA,NA,,1.4,1.5,1.5,3,3.5,,,,,,,,,,,,,,No_status,,,,
Speculantha,nigricans,,5,8,,100,350,,NA,NA,,1.4,1.5,1.5,3.5,4,,,,,,,,,,,,,,No_status,,,,
Speculantha,parviflora,,3,7,,80,250,,NA,NA,,1.4,1.5,1.5,3.5,4,,,,,,,,,,,,,,No_status,,,,
Speculantha,uliginosa,,4,9,,60,150,,NA,NA,,1.4,1.5,1.5,3,4,,,,,,,,,,,,,,No_status,,,,
Spiculaea,ciliata,,8,10,,80,180,,1.4,1.5,1.5,NA,NA,,NA,NA,,,,,,,,,,,,,,No_status,,,,
Spiranthes,australis,,6,10,,250,450,,2.4,2.5,2.5,NA,NA,,20,450,,,,,,,,,,,,,,No_status,,,,
Stegostyla,alpina,,8,15,,150,300,,5,8,,4,6.5,,5,8,,,,,,,,,,,,,,No_status,,,,
Stegostyla,angustata,,1,1.5,,80,120,,3,4,,4.5,5.5,,7,8,,,,,,,,,,,,,,No_status,,,,
Stegostyla,astrata,,3,3.5,,120,200,,2.5,3,,3.5,4.5,,4.5,6,,,,,,,,,,,,,,No_status,,,,
Stegostyla,clarkiae,,1,2,,50,150,,3,3.5,,4,4.3,,6,6.5,,,,,,,,,,,,,,No_status,,,,
Stegostyla,congesta,,4,5,,200,600,,3,3.5,,4.5,5.5,,8,10,,,,,,,,,,,,,,No_status,,,,
Stegostyla,cracens,,1,3,,80,150,,3,6,,4.5,6,,7,8,,,,,,,,,,,,,,No_status,,,,
Stegostyla,cucullata,,4,5,,200,350,,3,3.5,,4,4.5,,5,6,,,,,,,,,,,,,,No_status,,,,
Stegostyla,dimorpha,,3,5,,150,300,,5,6,,5,7,,8,10,,,,,,,,,,,,,,No_status,,,,
Stegostyla,gracilis,,1,3.5,,120,200,,2.9,3,3,4,5,,5,6.5,,,,,,,,,,,,,,No_status,,,,
Stegostyla,hildae,,1,3,,80,200,,3,3.5,,4,4.5,,6,7,,,,,,,,,,,,,,No_status,,,,
Stegostyla,iridescens,,1,2,,100,250,,3,3.5,,2.9,3,3,5,6,,,,,,,,,,,,,,No_status,,,,
Stegostyla,praecox,,2,3,,60,130,,3,4,,4.5,5.5,,6,7,,,,,,,,,,,,,,No_status,,,,
Stegostyla,testacea,,2.4,2.5,2.5,80,200,,2.5,3,,5,4,,5,6,,,,,,,,,,,,,,No_status,,,,
Stegostyla,transitoria,,1.5,2,,80,160,,2,3,,4,4.5,,5,6,,,,,,,,,,,,,,No_status,,,,
Sullivania,aff. nigrita-1,,5,9,,80,180,,1.9,2,2,3,3.5,,9,11,,,,,,,,,,,,,,No_status,,,,
Sullivania,aff. nigrita-2,,7,10,,50,100,,1,1.3,,3.5,4,,3.5,4,,,,,,,,,,,,,,No_status,,,,
Sullivania,aff. nigrita-3,,3,7,,50,120,,1.4,1.5,1.5,2.9,3,3,7,9,,,,,,,,,,,,,,No_status,,,,
Sullivania,brockmanii,,4,7,,100,160,,2.5,3,,4,5,,10,13,,,,,,,,,,,,,,No_status,,,,
Sullivania,disjuncta,,4,6,,50,100,,1.9,2,2,2.9,3,3,7,8.5,,,,,,,,,,,,,,No_status,,,,
Sullivania,dixonii,,5,8,,120,180,,2.5,3,,5,6,,12,15,,,,,,,,,,,,,,No_status,,,,
Sullivania,linearifolia,,2,5,,60,100,,1.9,2,2,2.5,3,,7,9,,,,,,,,,,,,,,No_status,,,,
Sullivania,lyonsii,,3,5,,60,200,,1.6,2,,2.9,3,3,4.5,5.5,,,,,,,,,,,,,,No_status,,,,
Sullivania,minor,,2,3,,60,180,,1.5,2,,3,4,,5,6,,,,,,,,,,,,,,No_status,,,,
Sullivania,nigrita,,7,10,,50,150,,2,2.5,,3.5,4,,10,13,,,,,,,,,,,,,,No_status,,,,
Sullivania,terminalis,,5,8,,80,120,,1.9,2,2,4.5,5,,9,11,,,,,,,,,,,,,,No_status,,,,
Sullivania,triens,,5,11,,50,120,,1.9,2,2,5,5.5,,10,13,,,,,,,,,,,,,,No_status,,,,
Tetrabaculum,cacatua,,15,25,,NA,NA,,3,5,,6,10,,11,15,,,,,,,,,,,,,,No_status,,,,
Tetrabaculum,capitisyork,,20,40,,NA,NA,,3,5,,17,20,,11,15,,,,,,,,,,,,,,No_status,,,,
Tetrabaculum,melaleucaphilum,,15,25,,NA,NA,,3,5,,17,20,,12,14,,,,,,,,,,,,,,No_status,,,,
Tetrabaculum,tetragonum,,20,25,,NA,NA,,2,3,,6,8,,8,10,,,,,,,,,,,,,,No_status,,,,
Thelychiton,adae,,15,25,,NA,NA,,4,5,,4.9,5,5,8.9,9,9,,,,,,,,,,,,,No_status,,,,
Thelychiton,biconvexus,,60,90,,NA,NA,,4.5,5.5,,10,12,,13,15,,,,,,,,,,,,,,No_status,,,,
Thelychiton,brachypus,,4,10,,NA,NA,,1.9,2,2,1.4,1.5,1.5,3.9,4,4,,,,,,,,,,,,,No_status,,,,
Thelychiton,capricornicus,,25,40,,NA,NA,,5,6,,8,10,,8,10,,,,,,,,,,,,,,No_status,,,,
Thelychiton,carnarvonensis,,10,20,,NA,NA,,5,6,,7.9,8,8,14.9,15,15,,,,,,,,,,,,,No_status,,,,
Thelychiton,coriaceus,,30,60,,NA,NA,,4,5,,9,12,,9,13,,,,,,,,,,,,,,No_status,,,,
Thelychiton,curvicaulis,,30,45,,NA,NA,,3,4,,9,11,,11,13,,,,,,,,,,,,,,No_status,,,,
Thelychiton,epiphyticus,,60,80,,NA,NA,,4,5,,11,13,,11,15,,,,,,,,,,,,,,No_status,,,,
Thelychiton,falcorostrus,,20,30,,NA,NA,,12,14,,34.9,35,35,34.9,35,35,,,,,,,,,,,,,No_status,,,,
Thelychiton,finniganensis,,10,20,,NA,NA,,6,8,,12.9,13,13,13.9,14,14,,,,,,,,,,,,,No_status,,,,
Thelychiton,fleckeri,,20,25,,NA,NA,,6,8,,9.9,10,10,9.9,10,10,,,,,,,,,,,,,No_status,,,,
Thelychiton,gracilicaulis,,20,40,,NA,NA,,3,4,,5,6,,7,8,,,,,,,,,,,,,,No_status,,,,
Thelychiton,howeanus,,20,40,,NA,NA,,3,4,,5,6,,7,8,,,,,,,,,,,,,,No_status,,,,
Thelychiton,jonesii,jonessi,40,60,,NA,NA,,3,4,,6.9,7,7,7.9,8,8,,,,,,,,,,,,,No_status,,,,
Thelychiton,kingianus,,15,30,,NA,NA,,4,7,,8,10,,13,16,,,,,,,,,,,,,,No_status,,,,
Thelychiton,macropus,,10,25,,NA,NA,,3.9,4,4,1.9,2,2,9.9,10,10,,,,,,,,,,,,,No_status,,,,
Thelychiton,moorei,,15,20,,NA,NA,,2.5,3,,4.9,5,5,7.9,8,8,,,,,,,,,,,,,No_status,,,,
Thelychiton,nitidus,,20,40,,NA,NA,,3,4,,5,6,,7,8,,,,,,,,,,,,,,No_status,,,,
Thelychiton,pedunculatus,,25,50,,NA,NA,,4,5,,7,8,,8,10,,,,,,,,,,,,,,No_status,,,,
Thelychiton,pulcherrimus,,10,20,,NA,NA,,5,7,,7.9,8,8,14.9,15,15,,,,,,,,,,,,,No_status,,,,
Thelychiton,rex,,50,80,,NA,NA,,4,6,,10,12,,10,13,,,,,,,,,,,,,,No_status,,,,
Thelychiton,rupicola,,40,80,,NA,NA,,4,5,,9,10,,9,11,,,,,,,,,,,,,,No_status,,,,
Thelychiton,speciosus,,40,80,,NA,NA,,4,6,,10,13,,10,15,,,,,,,,,,,,,,No_status,,,,
Thelychiton,spectabilis,,50,90,,NA,NA,,4,7,,10,12,,10,12,,,,,,,,,,,,,,No_status,,,,
Thelychiton,tarberi,,40,70,,NA,NA,,3,4,,6,10,,7,9,,,,,,,,,,,,,,No_status,,,,
Thrixspermum,carinatifolium,,15,20,,NA,NA,,2.9,3,3,3.9,4,4,6.9,7,7,,,,,,,,,,,,,No_status,,,,
Thrixspermum,congestum,,7,9,,NA,NA,,2.9,3,3,1.9,2,2,4.9,5,5,,,VU,,,,,,,,,,No_status,"Backhouse, G. (2007)",,,
Thrixspermum,platystachys,,30,40,,NA,NA,,2.9,3,3,8.9,9,9,14.9,15,15,,,,,,,,,,,,,No_status,,,,
Thynninorchis,buntianis,,NA,NA,,60,150,,1.4,1.5,1.5,0.6,0.7,0.7,5,6,,,,,,,,,,,,,,No_status,,,,
Thynninorchis,nothofagicola,,NA,NA,,50,100,,1.1,1.2,1.2,0.4,0.5,0.5,3.9,4,4,,CR,,,,,,EN,,,,,No_status,"Backhouse, G. (2007)",,,
Townsonia,viridis,,5,8,,50,150,,3.9,4,4,5,6,,5,5.5,,,,,,,,,,,,,,No_status,,,,
Trachoma,speciosum,,20,25,,NA,NA,,2.4,2.5,2.5,1.9,2,2,6.9,7,7,,,,,,,,,,,,,No_status,,,,
Trachoma,stellatum,,19.9,20,20,NA,NA,,1.4,1.5,1.5,3.4,3.5,3.5,4.9,5,5,,,,,,,,,,,,,No_status,,,,
Trachoma,subluteum,,19.9,20,20,NA,NA,,2.5,2.5,2.5,4.9,5,5,3.9,4,4,,,,,,,,,,,,,No_status,,,,
Tropilis,aemula,,20,30,,NA,NA,,2.5,3,,5,6,,6,7,,,,,,,,,,,,,,No_status,,,,
Tropilis,callitrophilis,,10,40,,NA,NA,,2.5,3.5,,6,7,,5,6,,,,,,,,,,,,,,No_status,,,,
Tropilis,crassa,,15,30,,NA,NA,,2.5,3,,5.5,6,,6,7,,,,,,,,,,,,,,No_status,,,,
Tropilis,eburnea,,15,30,,NA,NA,,2.5,3,,6.5,7,,6,7,,,,,,,,,,,,,,No_status,,,,
Tropilis,radiata,,10,25,,NA,NA,,2.5,3,,6,7,,6,7,,,,,,,,,,,,,,No_status,,,,
Urochilus,concavus,,5,15,,150,450,,NA,NA,,4.4,4.5,4.5,6.9,7,7,,,,,,,,,,,,,No_status,,,,
Urochilus,sanguineus,,6,15,,150,400,,NA,NA,,3.4,3.5,3.5,5.9,6,6,,,,,,,,,,,,,No_status,,,,
Urochilus,vittatus,,5,18,,200,450,,NA,NA,,2.9,3,3,3.9,4,4,,,,,,,,,,,,,No_status,,,,
Vappodes,bigibba,,30,35,,NA,NA,,9,11,,19.9,20,20,23.9,24,24,,,,,,,,,,,,,No_status,,,,
Vappodes,dicupha,,20,30,,NA,NA,,6,7,,5.9,6,6,19.9,20,20,,,,,,,,,,,,,No_status,,,,
Vappodes,lithocola,,15,25,,NA,NA,,9,12,,24,28,,22,26,,,,,,,,,,,,,,No_status,,,,
,,,,,,,,,,,,,,,,,,,,,,,,,,,,,,No_status,,,,